x,y,z,magnitude,label,prediction
-0.2968644487113012,0.0953333989707378,10.072112510516172,10.076937400935089,normal,normal
-0.1676076205872907,-0.4437973156329113,9.741785795939702,9.753329629711816,normal,normal
0.2257893870252973,-0.1721984823128017,9.979008498669849,9.98304782023652,normal,normal
-0.1689054130599644,-0.4547013687382005,9.990431683866824,10.002200138134784,normal,normal
0.1316340425634219,-0.4570094156244021,9.82164178248998,9.833149669901497,normal,normal
0.1175748519785531,-0.1549991375376306,9.566876664489564,9.568854565307706,normal,normal
0.2564126771504598,0.0006202895686087,9.643334128270851,9.646742504868469,normal,normal
0.3061335219107604,0.4680685090567615,9.599270269386952,9.615549675767078,normal,normal
0.4918131303401372,0.2273496175469703,10.09759205089359,10.112118137662511,normal,normal
-0.4438692168183618,0.3611723211165047,9.984096417273117,10.000482318197731,normal,normal
-0.4709619716769008,-0.4196215988090589,9.54095466746831,9.561783485921346,normal,normal
0.3327681658343868,-0.2486344874557515,9.685867218371298,9.694770628151288,normal,normal
-0.2124010497506153,-0.1597691541023794,9.68624364502602,9.689889387363756,normal,normal
-0.200043940588483,0.3624139124303666,9.803034110518537,9.811770441366798,normal,normal
0.229319360544016,-0.2757090510945985,9.529868043314814,9.536613013694575,normal,normal
-0.1542012009414387,0.3031367225357821,9.590276091968173,9.596304778564395,normal,normal
-0.1760169465990319,0.4968996504962002,9.752148045812806,9.766385346462826,normal,normal
0.02591188555231,-0.1094949699657646,9.802827036729695,9.803472776842876,normal,normal
0.0221432765174017,-0.2273773186525236,9.91764838383394,9.920279241790348,normal,normal
-0.1498763573950771,-0.3572881401806909,9.539299751615747,9.547164892720565,normal,normal
-0.462636419924204,0.1974929664449065,9.506652552636805,9.519951611504723,normal,normal
0.4745586887658363,0.4446694328859235,9.879513826602988,9.90089542938748,normal,normal
-0.1068411101528912,-0.0823141715898967,9.860968918038465,9.861891230802737,normal,normal
0.0681354544088248,0.0946866726972208,10.01340464994611,10.014084116368124,normal,normal
0.3409084904101164,-0.2001830385158849,9.539400922775544,9.547589319466672,normal,normal
-0.4517002592716722,0.2442904938763814,9.957026761888311,9.970260423207836,normal,normal
-0.3145817656574633,-0.2175856650342965,9.855123019444044,9.86254302587768,normal,normal
-0.1901799518558047,-0.3382192810946526,9.741854338346185,9.749578793247755,normal,normal
-0.4080465139323265,-0.1799113816155331,9.780909810929764,9.791070768425138,normal,normal
-0.1318890139739124,-0.2596868467536992,9.868161618717629,9.872458949193744,normal,normal
0.4112791969439816,-0.0251405205595638,9.510246982023666,9.519169096234354,normal,normal
0.1240997357660249,-0.478726217018056,9.80920308740158,9.821662015421134,normal,normal
0.267914998051172,-0.1616050710174992,10.046141391255832,10.051012461352489,normal,normal
0.45768847282408,-0.3505206195132304,9.57663514508925,9.59397123953468,normal,normal
0.2730063223296769,0.0726505640982178,9.862539411980553,9.866584728737976,normal,normal
-0.01858329950296,0.0610657631715371,9.84689211720655,9.847099000942189,normal,normal
0.2161239028673757,0.3052102849940378,9.647748319911784,9.6549940706257,normal,normal
0.3895960155298721,-0.2523909340138427,9.578625524384275,9.589867213641442,normal,normal
0.01350809494623,0.4543258023216614,9.9297157783245,9.940113170461936,normal,normal
0.2610308302677226,-0.2625350042631184,10.07469564903619,10.081495630288318,normal,normal
0.1694796100695376,0.1850588351808388,9.935917558736053,9.939085865647163,normal,normal
-0.1291575192447143,-0.0139160107161913,9.94964606242772,9.950494062493338,normal,normal
0.081269276244864,0.0796085182777305,10.084673312063105,10.08531496892792,normal,normal
-0.1984322302414291,-0.3336497411218161,9.75584318805164,9.763563581480012,normal,normal
0.1113529758141653,-0.317897019369352,9.782890271565378,9.788687351511188,normal,normal
0.2220037122448436,-0.1393383651297153,9.691371637288308,9.694915422028382,normal,normal
-0.2465653995231491,-0.3772162506048564,9.64823818500978,9.658756994077612,normal,normal
-0.2487612209564423,-0.1667660021113965,10.041695775616988,10.046160813691769,normal,normal
0.3021621181054025,-0.1952741489263113,9.548629905378313,9.555405120074283,normal,normal
-0.0256048997935876,-0.1194433774191283,9.896649469663087,9.897403349196466,normal,normal
-0.1548140682854948,-0.3600043402651587,10.084332350309303,10.091943790580864,normal,normal
0.4704620009248713,-0.4853181864842707,9.621997378630516,9.6457089833158,normal,normal
-0.209374056620479,-0.3032315081528876,9.863960892143314,9.870841469948502,normal,normal
-0.3806018545004874,0.3698459240073819,9.94865138517083,9.96279620201154,normal,normal
-0.3098424054351745,0.4947081644519211,10.003388638883976,10.02040531838579,normal,normal
0.2990928211493027,0.2629918855803893,9.723916344108904,9.7320691692349,normal,normal
0.1261663222489751,0.461122876669445,9.83149087657495,9.843107492272662,normal,normal
-0.2112731817229544,-0.111737125385807,9.660510874162824,9.66346686714054,normal,normal
-0.268591330348346,0.0352438158611865,9.591648992376044,9.595473611148286,normal,normal
-0.0447923874243202,-0.1999323728915522,9.732513273470442,9.734669687769562,normal,normal
-0.0161107263435551,0.057907395506072,9.539289972147287,9.539479335617193,normal,normal
0.3669884163394951,-0.0674254500347286,9.578437988821843,9.585702947345345,normal,normal
0.3076621108135705,-0.3291170517023393,9.513057243192277,9.52371944780003,normal,normal
0.2630735087881377,-0.4801822831809542,9.904319045799337,9.919441438765109,normal,normal
-0.1772254740008608,0.0661627901275767,9.854187671829244,9.856003300276626,normal,normal
0.2576956537081368,0.4311693753490001,9.81985688366988,9.832695627137944,normal,normal
-0.2286083691057344,-0.218912657782616,9.854011629363155,9.859093758038156,normal,normal
0.0743610424071856,-0.1283055122635898,9.664822873249031,9.665960533769152,normal,normal
-0.051393613059432,0.4978508261332205,9.844378410832848,9.857093032137652,normal,normal
0.1719610817786746,-0.3737453712985437,9.758997865842764,9.767665819515798,normal,normal
0.368414734810501,-0.1252125368941985,9.938621435480233,9.946235651441611,normal,normal
0.1714638503690739,0.1669782292448111,9.50753516979671,9.510547123375526,normal,normal
0.0894271478172772,0.3127199613508473,9.874620061375191,9.879975321098096,normal,normal
0.0254111605459668,-0.3711267573454193,9.962434267716857,9.969376978310988,normal,normal
-0.4107391043696708,-0.1994414354788004,9.691876061603478,9.702625680274735,normal,normal
0.2118600353422186,-0.043254614155535,9.75024636113796,9.7526437307586,normal,normal
-0.0320841618339902,-0.2381276292109458,9.805795385552118,9.808738823342654,normal,normal
-0.3842545062464849,0.3621508321049703,9.911526155607929,9.925580863811703,normal,normal
-0.0161037477045541,0.1195498610712753,9.91893604613979,9.91966954023084,normal,normal
0.2731379376918643,0.4173781737049729,9.64211106421882,9.65500464254797,normal,normal
0.1219573289278324,-0.0851661795274456,9.895838999561846,9.896956924906954,normal,normal
-0.0976018142521126,-0.2570573833267386,9.844286875894529,9.848126152084838,normal,normal
-0.3008226327155774,-0.0922907464352289,9.98591878423491,9.990875127013004,normal,normal
0.3243404670673353,-0.2893859226590694,9.97215919178037,9.98162811854962,normal,normal
0.3223489896309831,-0.4300108184590562,9.628743242480684,9.64372928927007,normal,normal
0.1885137550973473,0.2642098423948295,9.884121573736111,9.889449103012506,normal,normal
0.0439952135939354,0.428612939092918,9.595038469284438,9.60470758833528,normal,normal
0.1600849467822332,-0.3718467084377714,9.583070781113303,9.591618359828011,normal,normal
0.4389575822393438,-0.1691560922188938,9.915079289945886,9.926232662418004,normal,normal
0.0293234231139207,0.407473606758489,9.932444458724682,9.940842395340471,normal,normal
-0.4617501968226541,-0.0297140865754693,9.835451702744558,9.846329588645082,normal,normal
0.242425878199988,0.2615240887529619,10.007149194321972,10.013500893935047,normal,normal
0.013296806901317,-0.4901708199475139,10.077948817907211,10.089870990957175,normal,normal
-0.3602237596469227,-0.1164761914938516,10.034418455483106,10.041557727760123,normal,normal
-0.0614179960333458,-0.3831053506080176,10.037979412527111,10.045475228490655,normal,normal
-0.4567648554734337,-0.1176985500018058,9.829173543448103,9.84048472531147,normal,normal
-0.0896098106545267,-0.2627884227755851,9.895100481027818,9.898994959234363,normal,normal
-0.1897006566647634,-0.1822430870363053,9.731762447991068,9.735317109680643,normal,normal
-0.0406233744096312,-0.3766149336900293,9.662688237917836,9.670110291512836,normal,normal
-0.4537430747830787,0.1941425478997799,10.02683816936085,10.038976929018729,normal,normal
0.0180297343075617,0.4258444264875882,9.734950636938551,9.744276907524748,normal,normal
0.4229949703785778,0.4563650734901937,9.686302958740775,9.70626904808318,normal,normal
-0.1011539687738095,-0.0764346941267727,9.583686340200504,9.584524936334123,normal,normal
-0.1268662906269591,0.1379814475660634,9.9136563006953,9.91542813921242,normal,normal
0.2061330221225622,-0.2154642228298787,9.792948666005152,9.797487393670949,normal,normal
-0.2111227439090066,-0.1998064403081899,9.678883453960347,9.683247406832672,normal,normal
-0.0776008138939833,-0.0585137607870911,9.97585489851834,9.976328317713426,normal,normal
-0.2229795015375292,0.2818032625173332,9.61293431678273,9.619648596266416,normal,normal
0.470503022220248,-0.1295088132954817,9.720392256274833,9.732634342380653,normal,normal
0.2377569691308961,-0.4718953167952686,9.663849029637896,9.6782845398354,normal,normal
-0.2849591672832191,-0.0638329003531904,9.823843229238976,9.828182546068764,normal,normal
0.4475221887667201,0.1112071310227718,9.569797651668347,9.580901326561394,normal,normal
0.3438661116254943,0.1442807038707636,10.076747416497849,10.083645140529786,normal,normal
-0.0002587365850276,0.090087174324962,9.631344693295643,9.631766004580708,normal,normal
0.3362552271243894,0.1081675884686064,10.049233122197569,10.055439033142028,normal,normal
0.4894747948284221,-0.4299398653747671,9.650179650523969,9.672145633208675,normal,normal
-0.2483708306391672,0.3919563280042742,10.031558737536786,10.042285025691395,normal,normal
0.3868506513019484,-0.4072445292060005,9.945435906715634,9.961284902439523,normal,normal
0.2218148638832361,0.3435972374755832,9.883895054351584,9.892352720201403,normal,normal
0.4207591870214008,-0.2690173239712676,9.908112909254552,9.920691006003375,normal,normal
0.4609568143825191,0.0934123359226976,9.53599491953767,9.54758640467194,normal,normal
-0.0743975256498855,-0.1529876483930961,9.948338045994548,9.94979246465806,normal,normal
0.4488563017587679,-0.0813279580295911,9.842686534422327,9.853251464937069,normal,normal
-0.2257140991452081,0.0891816379254142,9.576961767295858,9.5800363731743,normal,normal
-0.4831863581505126,-0.2315016519751435,9.65806469519463,9.672914541550282,normal,normal
0.2114310154801113,-0.0868552183838391,9.907210119133811,9.909846580443862,normal,normal
-0.3123546453652842,0.3187304628696392,9.59999314578015,9.610360187395072,normal,normal
0.4460275904850136,-0.4874093882676961,10.038544016688776,10.060262148584568,normal,normal
0.0180289429293897,-0.4577140391610306,10.061759060897352,10.072180627052823,normal,normal
-0.0564375574910632,0.1488509576340759,9.617216564025965,9.618533996657677,normal,normal
0.2451937967043659,0.4074627460654256,9.695168721552648,9.706824528482334,normal,normal
0.1891306468242565,-0.407326246710001,9.837170840378906,9.847416677262522,normal,normal
-0.4264648108663711,0.1182342835263875,9.77003198781455,9.780049929505871,normal,normal
0.4874131972742512,0.1971260347260158,9.975930782251298,9.98977603706474,normal,normal
0.4902702518797901,-0.0003394903774857,9.895745739596702,9.90788316331386,normal,normal
-0.0152187719188404,-0.0585530768856012,9.85097811024798,9.8511638805989,normal,normal
0.3478274837490255,-0.3498084543909109,10.02771767055676,10.039844201660244,normal,normal
-0.175276671076708,0.0466114706903508,9.638261925260704,9.639968230266833,normal,normal
-0.2925702366350861,-0.2720753083621716,9.799831470356963,9.807972224888475,normal,normal
0.2791403823549978,-0.2730368555148645,9.981939604429058,9.989573902024055,normal,normal
-0.2514932247167424,-0.3210815065437654,9.690114903055331,9.698694190989729,normal,normal
0.497181680938302,-0.4487145807249885,10.042639291136744,10.06494601727696,normal,normal
0.1102237367994578,-0.0662017568686637,9.6229393601822,9.623798308075164,normal,normal
0.1545906751112915,-0.1321162522561811,9.724156419464052,9.726282488759283,normal,normal
0.2919908387221628,-0.2986313487701933,10.08737816363311,10.09602087698456,normal,normal
0.1979599482680002,0.2516758460986019,9.819866595620512,9.825085690639614,normal,normal
-0.4103976397780153,0.3398511240878137,9.92694690400442,9.941237339697814,normal,normal
0.3247459746749975,-0.2767462582891654,9.821216960581204,9.830480711865142,normal,normal
-0.2922483905908403,0.336712151131846,9.85041211057546,9.860497094096951,normal,normal
0.2353806966378238,-0.3051160743473705,9.566109864965188,9.573868488743676,normal,normal
0.121111106086677,-0.0706414072455434,9.72189698408489,9.722907953775662,normal,normal
0.235859205680985,-0.3587378483675174,9.535316061721655,9.544976417240788,normal,normal
-0.2706131980166119,-0.3737738942116305,9.658136739738236,9.669154239664213,normal,normal
0.0534856627684067,0.4314667655765484,10.07377642191106,10.083154054390423,normal,normal
0.2674553654112285,-0.0480702920049147,10.083621035214293,10.087281908783794,normal,normal
-0.1622832076069111,0.4566241385031154,9.910346718204522,9.922187940084688,normal,normal
0.2214957251343577,-0.0009296582486837,9.583275446329557,9.58583483587842,normal,normal
0.1632024721228787,-0.2487245265818174,9.919976703381998,9.924436343323078,normal,normal
-0.3314412613793377,-0.283678926325556,9.952898100408705,9.962454900279608,normal,normal
0.3967452613258085,0.2443007809165488,9.958239667123394,9.96913371069978,normal,normal
-0.3683706719364716,-0.134653383819129,9.728751193387629,9.736653853791768,normal,normal
0.3107697229216013,-0.4226752920747748,9.72867349699547,9.742808641986011,normal,normal
0.4529429661204339,0.2291326568304896,9.960234946506638,9.973160947994185,normal,normal
-0.0965593166353584,0.3591221907547914,9.620823540231276,9.628007999674177,normal,normal
0.0355133014419021,-0.4700865795252495,10.039883341071617,10.05094523361641,normal,normal
0.183772013383284,-0.1077893615917205,9.531740180197025,9.534120911870046,normal,normal
-0.1260483496781853,0.1744578978766254,9.946672291100311,9.949000623737586,normal,normal
0.4099157088606963,0.1467242905562421,9.74324852453482,9.752971378849626,normal,normal
-0.3227471368381712,-0.1130880320464636,9.78528041755108,9.79125464215072,normal,normal
-0.0313936302451161,0.349168079916869,9.825430612919469,9.83168300126422,normal,normal
-0.0380475215399861,0.3433488205799965,9.805080313543275,9.811163844392924,normal,normal
-0.1968588221591138,0.4292717463676974,9.894406872545424,9.905670849950829,normal,normal
-0.410247316282841,0.0844783303212661,10.07773086451741,10.086431421789271,normal,normal
0.2694545508993425,0.2270419518374095,9.939277313073962,9.94552096720334,normal,normal
0.2753216113913496,0.4412045472952652,9.963973966975932,9.97753680308057,normal,normal
-0.0798303877692967,-0.1305981200641026,9.711877499380998,9.713083615554773,normal,normal
0.31913137395436,-0.3892159232678219,9.69796922275213,9.711021620520404,normal,normal
0.4895647310571142,0.3334189969339977,9.658263051882054,9.67640878801436,normal,normal
0.0950243537901265,0.1661309708182206,9.635505204070355,9.63740575388134,normal,normal
-0.0741434232799366,0.4676534289577781,10.092840978484142,10.10394160680872,normal,normal
-0.3785626478952337,-0.4308499426822294,9.646006141739011,9.663041748743378,normal,normal
-0.0096379793121558,0.2092137979559528,9.84461400051315,9.846841530308078,normal,normal
-0.1916624295631072,0.2207695485912026,9.75434598081288,9.75872631002077,normal,normal
-0.1464215988959271,0.4714405689923928,9.627156679035885,9.639805040425887,normal,normal
0.3945131815471813,0.0292285057993092,9.716246293763923,9.72429622116927,normal,normal
0.4256503271290032,-0.4315664210104082,9.80568462588912,9.82440220874161,normal,normal
-0.2615278157408198,-0.2344746235005861,10.019433175292964,10.025588077595904,normal,normal
0.4211185239274158,-0.4652535113276901,9.542711476792675,9.563322851933224,normal,normal
0.3947485844622252,0.4348332559119213,10.04311629837567,10.060272928110892,normal,normal
-0.2871276453461252,-0.2120054381243956,9.738628363441268,9.745166545100144,normal,normal
-0.3603333192914364,0.0436348926410855,9.940662039721778,9.947286358239262,normal,normal
0.4519781790137003,-0.3587656376278381,9.66651565129836,9.683724587876467,normal,normal
0.34954859856547,-0.0756317382643874,9.60933288013883,9.61598579366199,normal,normal
-0.4455910008143228,0.096124646816905,9.971579065293133,9.981992804201203,normal,normal
0.2235719463514809,-0.464933824989522,9.633435779698749,9.647239646572215,normal,normal
0.3786625145818462,0.1695867655033787,9.759808072943766,9.768623167656823,normal,normal
-0.4292266805898649,-0.3436206901376889,9.606842186856705,9.62256345914074,normal,normal
-0.3270016562823433,0.1193691358982425,9.5935275713563,9.599841162029191,normal,normal
-0.4143419255152106,0.3098144972257339,9.6361853132067,9.650063815560568,normal,normal
0.0071357208225688,0.3572072761847659,9.783285170760749,9.789806774860176,normal,normal
0.0845388944787207,0.0210675812306698,9.818004667116387,9.818391228260248,normal,normal
0.1908061997371405,0.065554086544351,9.54508027827027,9.547212256085272,normal,normal
0.3767246307029754,-0.4316725655980938,9.859537275412512,9.876170205930896,normal,normal
-0.221294576448605,-0.380710839549094,10.059550212122137,10.06918380521094,normal,normal
0.114735603574934,0.2254794983256388,9.89366971693372,9.896903845681448,normal,normal
0.0206902726563793,0.0713312630123395,10.015193919966569,10.015469309573108,normal,normal
-0.3932018662619234,0.0372558322427252,9.525070924180808,9.533256097228406,normal,normal
-0.0069038306186968,-0.3096620556675102,10.062584223125238,10.06735017266641,normal,normal
0.1936975758445481,-0.1543988226480427,9.808490811507182,9.811618100331057,normal,normal
-0.4506013121686986,-0.0310635672168567,10.03650443206964,10.046662515616315,normal,normal
0.3870631115134171,0.2158936963680588,10.011114720362906,10.020920411054703,normal,normal
-0.0394473207249393,-0.291297761360226,9.723685159314648,9.728127443365542,normal,normal
0.0916565612610389,0.1697878385368445,9.890837640733167,9.892719447688854,normal,normal
0.2282494308748781,0.3446110351396053,9.731392804240802,9.740167374263358,normal,normal
0.3891988334060265,-0.2219968305472345,9.980501592551333,9.9905540568888,normal,normal
0.3579287147217089,0.4291743496555313,9.935407151157648,9.951111437749008,normal,normal
0.1309980670326905,-0.0807349168015244,9.512258941910492,9.51350349757193,normal,normal
-0.3139241854295223,0.2967171746733392,10.007337999891275,10.016656294393435,normal,normal
-0.2448650896972964,-0.4057229739924085,9.691749231324556,9.703327944919607,normal,normal
0.3077937886189736,0.0930524777574454,9.98680189569873,9.991977175907726,normal,normal
-0.2618305237309618,0.3233246449816279,10.014676610749984,10.023314904117925,normal,normal
0.1319636688233952,0.0946295083876048,9.606900088678335,9.608272397657908,normal,normal
0.2813104227048624,0.2235438208169179,9.873824647724932,9.880360346048528,normal,normal
-0.3415536926600008,0.138683801385921,9.954524798024297,9.961348105362909,normal,normal
0.3315763874114507,-0.184169852638375,9.72814731819988,9.735538592184266,normal,normal
-0.3344056868960052,0.0492247810761465,9.931244634565177,9.936995030394248,normal,normal
0.3658659489356601,-0.4479545723903225,9.768801366647269,9.785908303909531,normal,normal
-0.1036036842136189,0.1663381538391256,9.770421238427934,9.77238626340204,normal,normal
0.2657438388077706,-0.0877782286202141,9.842132808647223,9.846111061141556,normal,normal
-0.3020004446107793,0.2364797348063457,9.64928143650858,9.656902152060374,normal,normal
0.3365034691397515,-0.4829315518527778,9.704053082601693,9.721887866997308,normal,normal
0.4050032822751142,0.4715009473102605,9.658330394748605,9.67831012192174,normal,normal
0.3023573621341489,-0.0516624003829787,9.945668573812474,9.95039759799432,normal,normal
0.0336086837669485,-0.0936789868482652,9.570504778892044,9.571022255694368,normal,normal
-0.0758775290073437,-0.1956555404827682,10.03132651503898,10.033521323107552,normal,normal
-0.2799376676477533,-0.021240413191183,10.031623902141105,10.035551522807769,normal,normal
0.1882690663837578,0.0900601213125994,9.776185113351248,9.77841252133077,normal,normal
0.125483105877557,-0.104584587719631,9.755652061747623,9.757019580575305,normal,normal
-0.3035880609443417,0.2451286134250161,9.801545648631192,9.809309397203693,normal,normal
0.1627677164545564,0.0786289849223895,9.729797855639848,9.73147687447304,normal,normal
-0.157986247785166,-0.3446223030555577,9.710544389293824,9.717941990087116,normal,normal
-0.0170033780643623,-0.3586845743429491,9.75545648488758,9.762063048724505,normal,normal
-0.1970526747386427,0.2755605969556665,9.954604410839575,9.960367080360188,normal,normal
0.3815722333030914,-0.2923986029565132,9.682115133335516,9.694041869488878,normal,normal
-0.2304130353628302,-0.1917543461192012,9.745157359658243,9.74976675929337,normal,normal
0.2085881459955801,-0.2619656915848057,9.623392954828075,9.629217361823963,normal,normal
0.3488503980539322,0.0266743174537911,10.068983453975958,10.07506009490145,normal,normal
-0.3646654303056352,0.2868900345236239,9.967602180778762,9.978395662742308,normal,normal
0.2098437788083631,-0.4125502786247007,10.015980601342957,10.026669414634966,normal,normal
-0.3768712495238285,0.3488886305178474,9.77613760919026,9.789618060427411,normal,normal
1.425526765477954,-0.9659222470505996,9.282743319572026,9.441104590221444,rough,normal
-1.1731600181910529,1.4905342976866596,10.494198801165298,10.664248937418964,rough,minor_anomaly
0.9768202242455644,0.8521024898205978,10.90288546727631,10.979670665197505,rough,minor_anomaly
-0.0887244795699722,1.147031839035631,10.39600300297823,10.459466167590428,rough,normal
0.6680822022312505,-0.7962944405290953,10.028621695777325,10.082344557788696,rough,normal
-0.0391165906609312,-0.8484046289593903,8.949775724948339,8.98998365120756,rough,normal
-0.3906255406726169,0.3165803415633585,10.895846719763512,10.907441825023474,rough,minor_anomaly
1.0293634920800194,1.4371473952000835,9.934744571182222,10.090794395338364,rough,normal
1.4642811389405326,1.076649094497534,9.224414165576423,9.40176096402298,rough,normal
-0.544421368450076,-1.3403016639715748,10.600007663352704,10.698269282459012,rough,minor_anomaly
1.1535220788820633,0.7330116978252805,10.253546335461849,10.344231812419917,rough,normal
0.0724473828263778,-0.9972520569849171,9.75024735108748,9.801381723809529,rough,normal
0.6079359813925169,0.385870989893045,9.40531092429752,9.43283394113471,rough,normal
-0.7921865002788531,-0.9142901111839412,11.20367670972394,11.268800187892383,rough,minor_anomaly
1.295557776039835,1.0608178373047363,8.797745561366172,8.955675931918226,rough,normal
-0.927379629302196,-0.3736952441485472,9.544823581852016,9.59704841714484,rough,normal
-1.2677240398293457,-0.7230796367048352,10.6152493258931,10.71510553625359,rough,minor_anomaly
-0.8464084071019716,-0.365314120592864,11.437302526369862,11.474395438454431,rough,minor_anomaly
-0.7558168868635898,-1.3385725901988454,11.096434237204376,11.20240547946294,rough,minor_anomaly
-1.1347329085834548,-1.3749012749161835,8.906324849118654,9.082983794305528,rough,normal
0.8951821984267117,0.973471676385941,8.66316080608831,8.763524030049236,rough,normal
1.271812130606718,-0.4669920917692529,10.446140393749245,10.533633600769155,rough,minor_anomaly
-0.711002388537158,0.1590895770733889,9.690277505030414,9.717628929658582,rough,normal
0.598318309717115,-1.2327656475624271,10.991798510223914,11.076882703672249,rough,minor_anomaly
0.8491759304086219,0.0474358176174258,9.328645067935376,9.36733519850194,rough,normal
0.0254628991813534,-1.0993836968428896,10.554429145812584,10.611562913449498,rough,minor_anomaly
-0.7701052494375638,-1.4022846073128543,9.191084095229744,9.32928137965101,rough,normal
-1.0873023411591125,0.9253142399163968,9.543696612207604,9.649900406198244,rough,normal
1.0737901331156317,0.0472353810730634,8.952952105650406,9.017239479866976,rough,normal
1.2854963050801032,0.1488674288320881,10.817938183311789,10.8950653416901,rough,minor_anomaly
-0.1459496284398627,-0.9647871449987102,9.190688291017622,9.242340980068033,rough,normal
0.2093783126939428,0.3466716266494751,10.416122418096553,10.423992839757895,rough,normal
0.9793862284108124,-0.8654906060044621,10.550787347656328,10.63143381811445,rough,minor_anomaly
0.6734633707816222,1.4927933664113695,9.157696683539502,9.302977668160702,rough,normal
1.0049716325584708,0.9736628402446464,10.013061590488627,10.11036051402912,rough,normal
-0.2472232653893629,0.3816830390081502,10.734752524726098,10.74438053367106,rough,minor_anomaly
-0.1475027734887524,-0.1917650251084299,10.606485724794394,10.60924456892709,rough,minor_anomaly
-1.1348603410150768,0.7302063284137077,9.688941023832244,9.78246837147781,rough,normal
0.2974912076555469,0.6697715215876228,10.682478235744869,10.70758778469385,rough,minor_anomaly
-0.0565086722651146,-0.7610739477480957,9.186106312285428,9.21775330352208,rough,normal
1.0386057439926484,-1.0193735177317151,9.47549421941096,9.586595587704624,rough,normal
1.1165508330378513,1.168707106923709,11.194468421900556,11.310556366220904,rough,minor_anomaly
1.17921843446589,0.931375228493371,9.347856356059149,9.46786324288383,rough,normal
-1.1871251628341706,1.4595608711489714,10.592935993663044,10.758711681919229,rough,minor_anomaly
-0.4729202038816282,-0.0574552521516897,9.653182246498169,9.664930527911036,rough,normal
-0.042958265034064,0.0214612730590602,10.355037848487326,10.355149194597878,rough,normal
1.0847599821562048,-0.7658208249388976,9.772310413168444,9.862111161719788,rough,normal
-0.7568266312185307,0.0319263980706527,9.51914878029065,9.549240773272205,rough,normal
-1.4930005588579631,0.4992956543758424,9.25470630359835,9.387648032659287,rough,normal
1.172222692740066,0.9451076686389346,9.56619250496478,9.68397509232336,rough,normal
1.356321516874298,0.9730867399952596,9.887525738411592,10.027445890576647,rough,normal
-1.32799918156647,0.7496352950363243,11.274245062662253,11.37691243856476,rough,minor_anomaly
-1.4881785389486812,1.3832027117400894,11.050660696347306,11.235881226292296,rough,minor_anomaly
0.0348751399462101,1.3189174021490766,11.348894441615288,11.425329948671257,rough,minor_anomaly
0.1054127014671191,-0.792646913247081,9.813781518056288,9.846304314353375,rough,normal
-1.2715425757551926,-0.8080004967688237,10.209354979752856,10.319913489334164,rough,normal
0.9399556016674224,-1.1610755967991515,9.397637523154408,9.515629463739549,rough,normal
0.5204113962239401,-1.139003684238235,10.48264066595594,10.55717352067215,rough,minor_anomaly
1.4796500592118296,0.0387081746456774,11.227805889365383,11.324949788399856,rough,minor_anomaly
-0.9223640891703344,-0.812140246436795,10.809914533245534,10.879548681307808,rough,minor_anomaly
0.11660624504275,1.4162370278763792,10.05590586137258,10.155814444361344,rough,normal
-0.8553536337222545,-0.1151876011952501,9.085198933860044,9.126101998663104,rough,normal
0.6907050446303131,0.5445700313279054,10.346210754287688,10.383530562859455,rough,normal
0.2907293719754777,1.2288015839905642,10.463678156458007,10.539593799690929,rough,minor_anomaly
-0.6983403196651996,-0.8817377192910177,9.272827443705005,9.340795972957512,rough,normal
0.349975973961,0.2412249603533984,9.627781436987313,9.637159750789902,rough,normal
1.3247143610945384,-0.2984303437583486,10.130312314416203,10.220917590714564,rough,normal
0.9522273511573732,0.9005793937252271,11.237392189553256,11.313565458975663,rough,minor_anomaly
0.7849549639957791,0.808147373567119,9.361531921537363,9.429079297093017,rough,normal
1.39752795746167,1.00216136178297,11.208674301540093,11.339832070403112,rough,minor_anomaly
-0.6070721269392113,1.4229947601045303,10.062819444498082,10.181050330253758,rough,normal
-0.9737902417965184,1.421344633199786,10.876498431239458,11.012116332753587,rough,minor_anomaly
-1.0534316865764617,-0.6283972453552744,11.146719539471103,11.214007219004287,rough,minor_anomaly
0.1209704840302556,-0.9996887000637896,10.86901568842888,10.915562898465422,rough,minor_anomaly
0.5883289515919277,1.3564807134381578,8.600497735541225,8.72666787383711,rough,normal
-0.5671774935993347,0.1182055901874807,10.780906700571675,10.796462946596376,rough,minor_anomaly
-0.0500382003495438,-0.6078670886845028,8.59926718177135,8.620870158080898,rough,normal
-0.9764126373542538,-0.2189258038537564,11.400728933340098,11.444558984839745,rough,minor_anomaly
0.2055643209432895,0.0553193816085855,9.304808692177357,9.307243508259882,rough,normal
-0.4872952672571999,-1.0713770197951789,11.106754872301636,11.168943960349726,rough,minor_anomaly
0.6942013084300269,0.328214913549653,10.006807492030042,10.036226216494471,rough,normal
0.6768278604548228,0.6699456510171604,10.234257166280331,10.278469870246496,rough,normal
0.0069861796629893,1.4994840698855247,9.64445287423392,9.760326455906362,rough,normal
-0.7230266639694197,1.2391461253328573,10.593104505038244,10.689813549889433,rough,minor_anomaly
-0.0176359673425281,0.5465037029906852,8.565682401375707,8.583116702338616,rough,normal
-0.4753089447264811,-0.0265741056021624,9.67532038429721,9.687024791690307,rough,normal
0.028571026492816,-0.0144701077852298,8.572662764884527,8.572722587837063,rough,normal
0.5489991181972553,-0.8343615153887616,9.720508824873132,9.771686189423994,rough,normal
-0.8152276267195468,0.7602088811782264,9.39032833797362,9.456256126043725,rough,normal
-0.4084240889338049,-0.8373622660409563,9.575597647801311,9.620813692905015,rough,normal
-0.0317022358666403,-1.1489642805609317,10.072129868533246,10.137500877354508,rough,normal
-1.1740089718127806,0.5735200492543133,10.51263889965544,10.5935262753883,rough,minor_anomaly
-0.6468323777490306,0.6654348004594084,8.809304954268098,8.858049975917915,rough,normal
0.5183174337240981,-0.6626389427149637,8.515516995777036,8.556972188564849,rough,normal
0.3351960366057835,0.6477851999240891,10.523182815259354,10.548429201144913,rough,minor_anomaly
-0.7657489802634094,0.9706326245704032,9.49467339694386,9.574827523631344,rough,normal
-0.7737713873907924,-1.1825664321292513,9.56649329242312,9.6703143403056,rough,normal
-1.0573581935704597,0.0567842735354258,8.826164610402046,8.889455131398382,rough,normal
-1.4355561051665011,-0.3706186912429636,9.216334922345451,9.334827740575818,rough,normal
-0.854768239150184,-0.2400316224784502,10.718814041861938,10.755520368000155,rough,minor_anomaly
0.2533291168271718,-0.9820379622559788,9.50459975335222,9.55855588842621,rough,normal
-0.0981363634725529,1.471187539413186,10.27491370874069,10.380167399614884,rough,normal
-1.2171122985126352,-1.0901667048080452,10.561907154826528,10.687549229764445,rough,minor_anomaly
-1.2162873123795772,0.3860061375929002,8.784577059787418,8.876775860855014,rough,normal
-1.2962977987394433,-1.3117637052803877,10.140574049251304,10.3069080741926,rough,normal
-0.7226049632773025,-0.4785331844829334,9.509103014395414,9.54851779492442,rough,normal
-1.2790679324465697,1.389376984799401,9.63596062610744,9.819272904324244,rough,normal
0.8039983492875886,0.8106419933735145,10.341655564958335,10.404489108616122,rough,normal
-0.3329295493194026,0.743152334490953,10.08928815850279,10.122097264024584,rough,normal
0.1827500900162753,0.2173339145364075,10.036206066034746,10.040222299616742,rough,normal
-0.7766971728728553,-0.8081574110341776,11.100473323701763,11.156920942158395,rough,minor_anomaly
-0.5194977173472259,-1.032843096913267,9.14166667406374,9.214483833664149,rough,normal
1.1563020561008486,0.6116538358285522,8.756273646138753,8.85344469830195,rough,normal
0.2799940983304647,0.0446719641776738,10.144732671803176,10.148694165351234,rough,normal
-0.1924171618573495,1.107882081663356,10.636167742264051,10.695442548703928,rough,minor_anomaly
-0.0862700790449568,-0.1826804540418369,11.260603592191917,11.262415723782922,rough,minor_anomaly
1.3344799719652052,1.2008591734570997,10.149331353065728,10.30688248038054,rough,normal
1.35843887492842,0.3944072437631345,9.296743367097214,9.403741302509106,rough,normal
-0.2668741723279189,0.7314707137265613,9.208285417275402,9.241146658012855,rough,normal
-0.2167044537347942,0.3498634417269692,9.998681523230797,10.007147318348142,rough,normal
-0.8630296216330133,0.814921148994824,9.455885604889849,9.530093870453642,rough,normal
0.9898039441853514,0.3645966007124903,9.21141491012844,9.271612975945049,rough,normal
0.8750434781445704,1.3577973531930692,10.577481505667588,10.700113538823842,rough,minor_anomaly
1.1755075241217243,-1.4183103490173137,8.877810140804177,9.066914308713956,rough,normal
-1.42112864786138,1.4725360573751702,9.261086807301126,9.484497768801956,rough,normal
-1.4575459271593894,-1.1318754128059183,8.913437764445696,9.102469712146268,rough,normal
1.0072915729994047,1.0105845716079056,11.126542306758552,11.217658454129165,rough,minor_anomaly
-0.7722602092672781,-0.0839626970336331,10.611593075584732,10.63998793077833,rough,minor_anomaly
1.0368524231874146,-1.203973966614987,8.640945726852815,8.785815802426782,rough,normal
0.0671136399299674,-0.5008505719982809,10.544352256417644,10.556453952135415,rough,minor_anomaly
0.9003591644381972,-1.4004879653240176,8.652849632131895,8.811573067409151,rough,normal
-0.7204297896430739,-1.2756750340258074,9.53070489065922,9.642650132980949,rough,normal
-0.8521949603026873,0.8930524198800454,10.224454339186073,10.29870115155886,rough,normal
1.3505840066605588,-0.2414851493126044,11.25753567019968,11.340833373355062,rough,minor_anomaly
0.3632251722225574,-1.1209221247914467,11.444601004996684,11.50509848280988,rough,minor_anomaly
-0.8963639641757669,0.7441846616623313,11.318632879031403,11.378432643260544,rough,minor_anomaly
0.5027202390395358,0.3112656303206167,10.164406682676066,10.181590108730008,rough,normal
-0.6340498535426139,0.5088602411995646,9.981741784421043,10.014795405434306,rough,normal
1.4161237004767804,-0.9569748163609484,10.308572518026509,10.449300191573236,rough,normal
0.956294737045276,-0.1147697664098683,9.143606383376175,9.194194332158736,rough,normal
0.2518056915959521,-0.6289258039224938,10.088111453647828,10.1108331246431,rough,normal
0.7740498163540748,0.5891697355083325,8.881833709002866,8.934945110621348,rough,normal
1.2225366178692352,0.2866216719134096,9.745132901768775,9.825699111919612,rough,normal
-0.0695396503122218,-0.3131235832622006,10.708727915973784,10.713530497446524,rough,minor_anomaly
0.1774959423321918,1.388624988113878,9.917168132190184,10.015488401934634,rough,normal
-0.6878847208335178,-1.4688712973402798,9.57400624343685,9.71042552243073,rough,normal
-0.4312968189618629,0.0234924526335882,11.35406019988424,11.362273182069366,rough,minor_anomaly
-1.316799468975148,-1.102345206300396,10.75005960994356,10.886363369495186,rough,minor_anomaly
-0.9590827000803376,1.195527360849476,9.672693886473349,9.793371856391031,rough,normal
-0.4866235335323339,-0.7137243406690443,9.438370522894294,9.477818473957544,rough,normal
-1.0030459135588616,-0.7876988715195588,10.229230838694887,10.308430247530747,rough,normal
-0.9733802490961366,0.8945474999821772,9.315491530368714,9.408829193445168,rough,normal
-1.2009486753501557,0.3474657859236736,10.294125582802115,10.36976526772491,rough,normal
-0.0684614063437403,1.485843948553764,11.252079269323003,11.34996506984673,rough,minor_anomaly
-1.4424917943812885,0.5960028575048661,11.093265747258902,11.202524131744548,rough,minor_anomaly
0.6568891551651403,-0.6684266121704007,8.526655466309846,8.578003901793396,rough,normal
0.4954936296171692,-1.2898723119691369,10.998309728399576,11.084768892493184,rough,minor_anomaly
-0.8085383389734222,0.7767088585615336,9.826609935423544,9.890362668756012,rough,normal
0.3493906685107841,-0.631731214212639,8.610002978469824,8.64021466489764,rough,normal
1.1200246041041657,-0.6189598009980656,8.894878073367634,8.98645771642679,rough,normal
-0.9403375700161096,0.4127755419294769,8.52147682522839,8.583133791133836,rough,normal
0.8385990329626858,1.0903732609652153,10.052250662441574,10.145930492905563,rough,normal
-1.039513684899156,0.2940523679371365,11.2883816052517,11.339956559086415,rough,minor_anomaly
0.6413296028568385,-0.7124577855848689,8.682339491222864,8.735096954046309,rough,normal
0.9822102439500924,0.6115135540686989,10.813003863681336,10.874729345878809,rough,minor_anomaly
1.4970525760761988,-0.5374000070618965,10.781281232774932,10.897981015000507,rough,minor_anomaly
0.3480176706982563,-1.2101769667415891,10.037229287660267,10.11590907249641,rough,normal
0.6393340993667196,-0.7614195666733516,10.698030833931796,10.744131959859834,rough,minor_anomaly
-1.1112838709100858,-0.1113796668400874,10.938242907684156,10.995113240864464,rough,minor_anomaly
-1.3292071105011454,-0.3139346577889803,8.845459922901586,8.950279758735254,rough,normal
-0.925987907019438,-0.4484688254154472,10.767942976405235,10.816985431922824,rough,minor_anomaly
1.4874842663644268,-1.2891468716786867,11.14195839991308,11.314492745361337,rough,minor_anomaly
-1.088289203728365,-1.2351018694172136,9.645540299051842,9.785003713817522,rough,normal
0.4060206157085693,0.6049697841547337,9.060830227891085,9.090076215235236,rough,normal
-0.7697383191834392,-1.0503479724474911,9.676003463694403,9.76323568150795,rough,normal
0.0687399352584432,-0.7853976621388488,11.25263446039689,11.280219721517136,rough,minor_anomaly
-0.6909035440111261,-1.3738602790419323,9.204502438818048,9.33207934597985,rough,normal
0.4139790048291902,-1.0416067090391787,10.760728023115782,10.818945916318468,rough,minor_anomaly
-0.1484092312817406,-0.6084172699472356,9.629282940808874,9.649626253303932,rough,normal
-0.6532549708827667,0.3815827767739785,9.493444344179087,9.52354099001729,rough,normal
-1.368341806258886,-1.1489869049783694,11.300538604187691,11.44092229460999,rough,minor_anomaly
1.3911788174507196,-0.8908463843363856,9.697764963457042,9.837460600635906,rough,normal
-0.1384598468957083,-0.2190837404255399,10.980186505873476,10.98324471721755,rough,minor_anomaly
0.788629212798063,-0.5643807203626102,10.495603784003643,10.540311210945676,rough,minor_anomaly
0.3356555948111097,-1.392244845068212,11.49885527659092,11.587695329914824,rough,minor_anomaly
0.1498121353286694,-0.6576325267139065,10.58066566137602,10.602141767298976,rough,minor_anomaly
1.3492583755118552,0.1790731965776437,8.68060494548207,8.78666419030278,rough,normal
0.3976694242751768,-1.132204658223335,10.439773893245553,10.50851594190147,rough,minor_anomaly
-1.316688217508106,0.3432915175447411,10.817112251667371,10.902359120544286,rough,minor_anomaly
1.4358383665494832,-0.7753414698441449,9.404591273356203,9.545109911813652,rough,normal
-1.171890561017051,-0.3386533957803221,11.09150182325178,11.15837919702821,rough,minor_anomaly
-0.6267399745146237,-0.3660063686531805,8.7296175615146,8.759736664298384,rough,normal
-0.009537746256357,1.323964942414316,8.792200985746279,8.891331301391464,rough,normal
-1.0668762286173608,-0.3189133453456172,11.003085085044306,11.059286233647848,rough,minor_anomaly
-0.083254980162744,1.1581179513522866,9.157115222320163,9.230434863851974,rough,normal
0.0189086039987405,-0.8756030158909711,8.798326088276948,8.841808645995302,rough,normal
0.6592854811838733,-1.4816073719294494,8.85564405257254,9.002902272940595,rough,normal
0.4239080959355352,0.1761888382185197,8.893580068240125,8.905420091759316,rough,normal
1.1242772633265936,1.1445046283510178,8.806578777974075,8.951520540210662,rough,normal
-0.2066979789974998,0.8680406233868565,10.232323700893932,10.271157037950848,rough,normal
0.6636368583825543,0.6470549883794496,9.648464140144135,9.692881630425386,rough,normal
-0.4917963178523559,1.2071093059385842,11.26898486227572,11.344117256134828,rough,minor_anomaly
-1.2083501452206409,-0.9560969268602976,10.55400904241156,10.66589603710403,rough,minor_anomaly
-0.3604910518644804,-0.0879840764997532,10.40328419960191,10.409899957918835,rough,normal
1.236780795837677,1.2284039809636569,8.553028653350127,8.728854576771715,rough,normal
-1.0340101664816923,0.5460065199497985,8.837181704039846,8.914206673307042,rough,normal
0.9167973926357488,-0.1867335935724079,9.749097476747869,9.793890366205035,rough,normal
0.7794682199325589,-0.373524790414923,9.141011142738163,9.18178502180282,rough,normal
1.299722132412985,-1.3820134305385363,9.521999323755782,9.70915598109736,rough,normal
-0.4741569453152063,-0.8294774278124245,11.247543268997344,11.288050637732294,rough,minor_anomaly
0.1043442093545237,-0.6239856759856599,9.222790113412604,9.24446338701833,rough,normal
-0.8596652630372447,0.8125093628442195,11.498447994539806,11.559130681514024,rough,minor_anomaly
-0.3353717957635087,1.2282422561501698,11.280251847158077,11.351878039183635,rough,minor_anomaly
0.7056975114625135,0.6356377429187714,9.452216089829218,9.499812278499697,rough,normal
0.6451769646891403,0.9975829970559492,10.920171461289245,10.984606041899577,rough,minor_anomaly
0.6509064966084339,-0.6608345742165193,9.474556354019091,9.519852924666983,rough,normal
-0.3825937660479552,-0.7598702543882129,10.416451546840278,10.451135996674909,rough,normal
-0.087039253323752,0.7057412573742865,8.851738869444922,8.880254926905053,rough,normal
0.4186543882240563,0.3302203465360762,10.082076450596883,10.096166724540849,rough,normal
1.323631387230611,1.1788174199393575,10.398692499094723,10.548668932597298,rough,minor_anomaly
-0.1859506422175458,-0.7977842881746303,10.93025832911886,10.960911666146735,rough,minor_anomaly
-1.1376435721856244,-0.7203861437985707,8.847731745639804,8.94961150756359,rough,normal
-1.3527262877869513,-1.453075367857292,9.735771046116897,9.93612269936073,rough,normal
0.6726929380430802,-0.2450979178735388,10.279163832854248,10.304067055337802,rough,normal
0.8772186243542652,1.2578806433019354,11.1357474589087,11.240847285516304,rough,minor_anomaly
0.3783740381272302,0.2711533729137048,8.863011336741998,8.87522737847253,rough,normal
1.2631766178131336,1.0925096154983531,9.116790429595971,9.268498269132865,rough,normal
0.2535331286362092,0.3752526792312416,9.312477233625357,9.323482495686733,rough,normal
0.2296704258086697,1.4091387362169705,11.270822505823194,11.360891709728111,rough,minor_anomaly
1.4800545537001248,0.3138689965499175,10.092585144204234,10.205358892363154,rough,normal
1.4126806677804162,0.8397495289108328,9.061826699032045,9.20964435055537,rough,normal
-0.7283424072106954,-0.4471060253882206,10.789370532336246,10.823165107496312,rough,minor_anomaly
-1.437821144083936,-1.1106779556469653,9.613300253865644,9.783479796805848,rough,normal
0.427625312374035,-1.0242002066091578,10.78736271867766,10.84430928622556,rough,minor_anomaly
-1.349409575328175,-0.4386202863480313,10.700606084191945,10.794269985813262,rough,minor_anomaly
0.1673273577954281,-1.378403287718391,10.446305317293673,10.538182426318958,rough,minor_anomaly
-0.093983090296398,0.0961281996465466,11.057730024266135,11.058547225634372,rough,minor_anomaly
0.1158278246204955,-0.0569070780368583,11.447317420125977,11.44804483820738,rough,minor_anomaly
0.4694164634885707,1.4274651393642253,8.921487533587545,9.047151394347958,rough,normal
1.094911456756888,0.9878989769944252,10.13379903141103,10.240539941619838,rough,normal
1.0417071062631278,1.277917389588251,8.853218686268638,9.005426567173114,rough,normal
-0.502949980139956,0.0697692714618298,10.823298900496315,10.835203067928532,rough,minor_anomaly
-0.4571713006347886,0.8334991898899058,9.854516078488397,9.90026331159215,rough,normal
-0.9466457645453528,1.344249761437735,9.569661908791783,9.709869961705849,rough,normal
-0.1767340530790491,-0.4003970252150208,9.358063886230807,9.368292928922324,rough,normal
-0.8945220778498877,1.381333500394426,10.007095213455438,10.14150908880111,rough,normal
0.1716457615391824,-0.7048195236103867,8.692217845790003,8.722435663677143,rough,normal
-1.4354715942733771,1.4393576310707488,9.868542219466022,10.075735934683417,rough,normal
0.0768925169940115,-0.8146357896661056,9.086102499301065,9.122872494821992,rough,normal
-0.0458205255914738,-0.6511235564089147,8.60587422830022,8.630592832453514,rough,normal
0.5159931098288562,-0.390128379408579,11.684547484960245,11.702439872526652,small_pothole,minor_anomaly
-2.0512507386075534,0.2455605929602677,11.806008798035682,11.98539833867648,small_pothole,minor_anomaly
0.0547991460352763,-0.6902788408464628,12.252237720159291,12.27178947732647,small_pothole,moderate_anomaly
-0.7916103528418739,-1.8804337162243967,11.88098030875613,12.0548899210607,small_pothole,moderate_anomaly
-2.258019320478869,1.2177622048972396,13.004751867488734,13.25538257366734,small_pothole,moderate_anomaly
-2.103883794423649,-1.326656593813178,12.310357379101395,12.559109981982903,small_pothole,moderate_anomaly
-1.5242221306923287,-1.1637011285938292,12.299286058831534,12.44788700853886,small_pothole,moderate_anomaly
1.7339223562600168,0.973489861303482,13.046706945259348,13.197375927171183,small_pothole,moderate_anomaly
1.1696165994315226,-0.9041532929890654,13.35232282956741,13.43391309752582,small_pothole,moderate_anomaly
0.7587696875175509,-0.7256688717181019,13.210873638735048,13.252528402108812,small_pothole,moderate_anomaly
-0.7467429848587204,-0.4846110263228258,11.158426665728006,11.193880407914818,small_pothole,minor_anomaly
-2.363470495733673,-1.206653327057391,11.904593328572458,12.196776104962906,small_pothole,moderate_anomaly
-1.651396873293833,0.3527192920016544,13.302848953329166,13.409597786927304,small_pothole,moderate_anomaly
1.6485054350478832,1.1324694265799713,11.80937023381636,11.977532404083432,small_pothole,minor_anomaly
0.9257806956535108,1.9989787142624031,11.641707837690925,11.848305666831576,small_pothole,minor_anomaly
0.6982475037050029,-0.7610230156433255,13.225810253380743,13.26607562413242,small_pothole,moderate_anomaly
1.541241928105089,-1.6709146511786022,12.45109024792962,12.656896571219995,small_pothole,moderate_anomaly
-2.3092381209908224,1.913172634976104,12.600334004026491,12.952267262672004,small_pothole,moderate_anomaly
1.491500771179525,0.2157836201528495,12.53709703654017,12.627348859708428,small_pothole,moderate_anomaly
1.6468996034743588,-1.6041631059602957,11.723309476290138,11.946614694185223,small_pothole,minor_anomaly
1.2229663143194496,0.7981301459907186,13.231313414259812,13.31166079053515,small_pothole,moderate_anomaly
-1.0928631320976578,-1.2113885143991414,12.162356703452986,12.271297100972832,small_pothole,moderate_anomaly
-1.5331390999151906,-1.2634272880011397,13.048708788091924,13.199074401191249,small_pothole,moderate_anomaly
0.6368100998294022,-0.4779420928116979,11.180387716429443,11.208703102367034,small_pothole,minor_anomaly
0.3659791498406277,-0.2514705596079643,11.973203253371809,11.981434568824422,small_pothole,minor_anomaly
-1.326725069541674,-1.493675300129706,13.805857264724112,13.949658064852466,small_pothole,moderate_anomaly
1.669740979363592,-0.4923746715062171,12.395461124152805,12.51710526582286,small_pothole,moderate_anomaly
1.5521082948551,0.3228998169167947,13.039674337372247,13.13569226479698,small_pothole,moderate_anomaly
1.815738276948947,2.33804708056401,13.327845335972784,13.652649227930926,small_pothole,moderate_anomaly
0.3168855010645295,-1.4886956195980638,13.04342023197328,13.131924551125216,small_pothole,moderate_anomaly
-1.8088685335801216,-0.7757836056328022,12.61862458950771,12.771199321343063,small_pothole,moderate_anomaly
-1.3963867289968062,0.9399273489809096,11.572125438097023,11.69390638210059,small_pothole,minor_anomaly
-0.3278514643988188,-0.6002246189296534,13.093263220667694,13.11111352790323,small_pothole,moderate_anomaly
0.2021079717156135,-2.318564375532433,11.425423421183648,11.660055263550468,small_pothole,minor_anomaly
-0.9272575233678236,1.4699904666273849,11.738568851865384,11.866536022639542,small_pothole,minor_anomaly
1.7365008835902165,1.7242366197056294,12.0518920008812,12.297826151005218,small_pothole,moderate_anomaly
2.119688645746961,-1.6182249949514604,12.396153739595162,12.679761812623823,small_pothole,moderate_anomaly
0.6383336478894441,-2.365097617928385,12.654407688085474,12.88934406882814,small_pothole,moderate_anomaly
0.1511892091061959,0.8535515505809839,13.589905057435612,13.617522825263167,small_pothole,moderate_anomaly
1.978757573372082,-1.4199324331965315,11.096462316867823,11.3605970617168,small_pothole,minor_anomaly
-2.1004795046984115,-0.3688673348360649,13.298779878078552,13.46869048964873,small_pothole,moderate_anomaly
-1.026328110249315,1.1722248317631898,11.508766126887398,11.613748671702902,small_pothole,minor_anomaly
-1.7147028268380726,1.3852047753799992,12.72911255831815,12.91856433882786,small_pothole,moderate_anomaly
-0.4627199657701277,2.026761286847205,13.08709046185604,13.251181375160035,small_pothole,moderate_anomaly
0.0635646643770364,-0.1029770447776199,11.010945326130685,11.011610314270465,small_pothole,minor_anomaly
-1.062445508327035,-1.1992350394507216,11.475037859956494,11.586347527389533,small_pothole,minor_anomaly
-1.049137952547326,2.316874770951257,12.810916444197526,13.060940980188075,small_pothole,moderate_anomaly
0.0024402317536287,-1.6643973981532534,11.998805724194582,12.113693221337371,small_pothole,moderate_anomaly
1.069712709568731,2.0768182031703573,11.564712089009156,11.7983060153442,small_pothole,minor_anomaly
1.362061386504856,2.494453753975412,12.443990363768036,12.764419568663564,small_pothole,moderate_anomaly
0.0749587426097049,1.2623511227746342,13.54638268347211,13.605279599381156,small_pothole,moderate_anomaly
-2.179391011359148,0.2284091961253787,13.117605807440944,13.299379611871975,small_pothole,moderate_anomaly
-0.8302848566446701,1.9577815791172315,12.76069539584972,12.936677650786716,small_pothole,moderate_anomaly
0.4808406174606761,-0.0340867675248564,11.919703627086385,11.929446934568952,small_pothole,minor_anomaly
0.5291010833733765,1.5469850795698123,13.12328638626025,13.224740313845189,small_pothole,moderate_anomaly
-2.425272772482599,-0.6579462875228144,12.277685924540332,12.53221500772574,small_pothole,moderate_anomaly
-0.5382340776617811,1.4628793362891157,13.852701117536824,13.940123389938272,small_pothole,moderate_anomaly
-1.824755099060178,2.111183802873107,11.516396803032595,11.849650777384085,small_pothole,minor_anomaly
1.2867157913769156,1.4871711544053865,11.484791800610305,11.651942253274337,small_pothole,minor_anomaly
-2.319283750145902,-2.260421489225793,11.90610247900646,12.3387138172197,small_pothole,moderate_anomaly
-2.2598378651340263,-1.857794737354396,13.200754549347112,13.521027665637831,small_pothole,moderate_anomaly
-1.5445453615462583,-0.0730571946657709,13.636016106812038,13.723406756079331,small_pothole,moderate_anomaly
-0.999082329936714,-0.1956644526402557,13.946397616568367,13.98350659024562,small_pothole,moderate_anomaly
2.3116057287814678,-0.6391835874467993,12.919865780462557,13.14058630689529,small_pothole,moderate_anomaly
-2.024756225156084,-1.2056870691659176,13.020525577068454,13.232059755879128,small_pothole,moderate_anomaly
-1.6947438589496688,-0.4514720155651845,11.565938031867832,11.698158243300218,small_pothole,minor_anomaly
2.0245363797199767,-0.6848678096494969,13.74368801130803,13.908873125515088,small_pothole,moderate_anomaly
0.5055314806169537,-0.91210116800854,12.730811426360836,12.773450989929737,small_pothole,moderate_anomaly
-2.3039946658295314,-2.407599062170094,13.278350219585228,13.690124514345818,small_pothole,moderate_anomaly
-1.67059810434464,0.7932448020816434,11.84213786317112,11.985673302431556,small_pothole,minor_anomaly
1.4896184043535992,1.8114163741618088,11.076556155504882,11.32211502049081,small_pothole,minor_anomaly
2.061658135470612,-2.153645428733861,12.806108752746866,13.148575751291023,small_pothole,moderate_anomaly
-1.3376886685517937,0.2934441608428999,11.415611205267853,11.49746492229229,small_pothole,minor_anomaly
0.0773209771447809,-1.6528229540467283,13.43891370484607,13.540391568091003,small_pothole,moderate_anomaly
2.4030410716808968,0.7572274686990319,12.721181903618383,12.968287044034977,small_pothole,moderate_anomaly
-1.5375452863706107,-1.070567067501063,13.773998663446108,13.90083445460284,small_pothole,moderate_anomaly
1.8972326347796669,-1.569854134557619,13.692770896131917,13.91243718721554,small_pothole,moderate_anomaly
0.3297952315209889,-2.1467009714789977,13.56414849072926,13.736928850155545,small_pothole,moderate_anomaly
0.6709892489206055,0.0277974821402757,13.693455806368004,13.709913609980696,small_pothole,moderate_anomaly
1.466698240054061,-2.2004246093116997,12.30978800318312,12.590629566147728,small_pothole,moderate_anomaly
-0.8425337109584503,-2.0134090710215844,12.462633732069875,12.652308828079532,small_pothole,moderate_anomaly
-0.3719999418623705,-1.659684442771454,13.714236399056112,13.819305931034265,small_pothole,moderate_anomaly
-2.143919405235664,0.5734353846153306,12.203446660240044,12.403601450619046,small_pothole,moderate_anomaly
-1.48283732785093,-0.3421285742525164,13.32304888445982,13.409678970053466,small_pothole,moderate_anomaly
1.3203709167590691,-0.8231662715537684,12.87566243848021,12.969335576587454,small_pothole,moderate_anomaly
2.4370606880099235,-0.7623179371781545,11.93468889522724,12.204802024623232,small_pothole,moderate_anomaly
-2.4957528781176324,-0.5620783364623545,13.106374151820306,13.353717006603674,small_pothole,moderate_anomaly
1.5017697395403946,-2.388525676754049,13.8374491278818,14.122158674431802,small_pothole,severe_anomaly
0.805196631394204,2.460868777732995,13.691466942101435,13.934148118313011,small_pothole,moderate_anomaly
0.8542862685038917,0.2911008091009828,11.333320485511168,11.369199529294956,small_pothole,minor_anomaly
0.166863117548996,-1.2083964223008226,12.000161785929768,12.062004315283456,small_pothole,moderate_anomaly
1.94402843294061,0.802175249760992,11.309451620766106,11.503322461004895,small_pothole,minor_anomaly
2.4496115200084203,1.477892586559327,12.91814848942564,13.231149741848398,small_pothole,moderate_anomaly
0.9894149696120902,1.6124147921022232,12.41703210054617,12.560314869854045,small_pothole,moderate_anomaly
0.1308923551588998,-1.8505292665528672,11.98988834705716,12.132560074028266,small_pothole,moderate_anomaly
0.3057757644632901,2.344782872222347,11.908820144206793,12.141313881251314,small_pothole,moderate_anomaly
2.3115535749930487,-1.7295210615442769,11.087249419548224,11.456946483407382,small_pothole,minor_anomaly
0.5872208569989761,-2.438394000135065,11.995142932229266,12.25455211745411,small_pothole,moderate_anomaly
-0.6969707436666401,-2.3971570847100887,13.972376166844809,14.193640338338708,small_pothole,severe_anomaly
-0.5493783055636108,1.3999051838785128,11.859207912920118,11.954177653370431,small_pothole,minor_anomaly
-0.3659268294175657,-0.913247537097609,12.082743863632777,12.122731655145138,small_pothole,moderate_anomaly
-2.426994630793499,-2.450842238903548,13.23110411510162,13.67329684906143,small_pothole,moderate_anomaly
-1.9621169877688405,2.2369077129104173,13.743086700856114,14.061510987693229,small_pothole,severe_anomaly
-0.4330508727958464,-1.9865631452511496,13.808915498153487,13.957797584993235,small_pothole,moderate_anomaly
-1.4555835531642225,-0.1187057647033498,13.588545555980884,13.6667986326639,small_pothole,moderate_anomaly
0.7340854064893998,-1.650536134433176,12.772314316273206,12.8994249448868,small_pothole,moderate_anomaly
-0.9227358559532854,-0.1768916593643412,11.09732690603618,11.137028175345929,small_pothole,minor_anomaly
-1.57616227415954,-0.6825957559309115,13.135668259315588,13.247490520822788,small_pothole,moderate_anomaly
-0.8987140576483159,1.3922482454654377,13.191935089689464,13.29560805472982,small_pothole,moderate_anomaly
-2.2157166154688075,0.4567930934340798,11.09504947055559,11.323346802264316,small_pothole,minor_anomaly
0.5423756396391006,1.4609857808521705,11.564416854472256,11.668949737244056,small_pothole,minor_anomaly
-0.3044769791633372,-0.7596216992175058,13.835433172391127,13.859615522245315,small_pothole,moderate_anomaly
-1.2720929684744582,0.5776155826170895,13.99918718531996,14.068727807849251,small_pothole,severe_anomaly
-2.203207930203303,0.9957399412852634,12.21004146624941,12.447117570823838,small_pothole,moderate_anomaly
0.0712166717365003,0.8946094255933734,12.882058398819442,12.91328100946031,small_pothole,moderate_anomaly
2.275812513494917,2.044631561620604,13.781797695106338,14.117286868523763,small_pothole,severe_anomaly
2.111241587914693,-1.9849630088609491,11.949728101097444,12.29607339272358,small_pothole,moderate_anomaly
-1.4465135187949374,2.2101046623328244,12.282096594836482,12.562916092349566,small_pothole,moderate_anomaly
-0.0187218770529664,-0.7723851733571563,12.72069710920816,12.744138429447446,small_pothole,moderate_anomaly
0.1030545210365554,-1.3659833905272378,13.568521920165123,13.637496762804522,small_pothole,moderate_anomaly
-2.1618707771905914,-0.9189928620738164,13.61825931658262,13.819378421314854,small_pothole,moderate_anomaly
-1.5113492086153952,-2.4540433498578063,12.47826137158962,12.8067760209613,small_pothole,moderate_anomaly
0.5705301417451745,-2.009189404046738,13.726820407043288,13.884809872345876,small_pothole,moderate_anomaly
-0.4746508567297263,-0.355307389581188,11.439599631585322,11.454954234210293,small_pothole,minor_anomaly
-0.069149706936769,2.0585053713593364,13.814356375564437,13.967056530170645,small_pothole,moderate_anomaly
1.4976220418588908,-0.2159498016939904,12.510941245726006,12.602109226281188,small_pothole,moderate_anomaly
0.6779314065698863,-0.5820171009397384,12.288345671721409,12.320786267341642,small_pothole,moderate_anomaly
-2.073322676266707,2.3913100126981206,13.918755698343288,14.274060063167584,small_pothole,severe_anomaly
1.0734223431162802,-1.30322062868589,12.069376671222305,12.186897585750808,small_pothole,moderate_anomaly
-2.414552113773516,-0.1408584403523098,12.395975682041062,12.629731434994966,small_pothole,moderate_anomaly
0.8191936810184632,-0.5743628203276951,12.480548211805194,12.5205852340691,small_pothole,moderate_anomaly
-0.5700648287310388,0.1855068861112534,13.540910027205316,13.554173935678277,small_pothole,moderate_anomaly
-0.6504552164225641,2.2945514184286333,11.734056994340731,11.973978108666344,small_pothole,minor_anomaly
1.340086481039251,-0.6388090092442245,11.75512231644258,11.84849397187179,small_pothole,minor_anomaly
-1.6663374440502687,-1.2140514465314918,13.77586521890297,13.929287990477109,small_pothole,moderate_anomaly
-0.0931278189248807,-1.6662353313083629,12.715349009629817,12.82439524526018,small_pothole,moderate_anomaly
2.2754704145150164,0.1077166304999766,13.990923928486213,14.175165637568664,small_pothole,severe_anomaly
-0.1634024739723143,0.441336563717547,12.531011140184305,12.53984523534471,small_pothole,moderate_anomaly
-0.3308233095482418,-1.8233668565382568,12.28136849466046,12.420391413208408,small_pothole,moderate_anomaly
2.002010144002738,-0.6020510997806676,13.064730342113112,13.230936817004606,small_pothole,moderate_anomaly
-1.7037899490130517,-0.3261552461087991,12.607776950934309,12.726559514630518,small_pothole,moderate_anomaly
0.864459242918997,0.608048680138435,13.877111689702618,13.917300091201858,small_pothole,moderate_anomaly
-1.2290798028916972,-0.6358101821635187,11.780329942793518,11.861326456627715,small_pothole,minor_anomaly
0.2123941305420364,-0.7667357082088178,13.0272453998797,13.051517828268787,small_pothole,moderate_anomaly
1.219413860027001,-0.9746633134601042,13.847556460750134,13.935270312064054,small_pothole,moderate_anomaly
1.7350398539312586,-0.1680503472779855,12.322558249679703,12.44524190326164,small_pothole,moderate_anomaly
-1.508713680429632,1.176288348901355,13.435593408233444,13.571110547064398,small_pothole,moderate_anomaly
1.5633429122298956,2.283001682061726,13.479852642036644,13.760907128257877,small_pothole,moderate_anomaly
2.2125540850165324,-0.186371376770877,12.45476091227783,12.651134306899383,small_pothole,moderate_anomaly
-0.4228913479135898,2.1833001738398856,11.720634444684933,11.92974888785025,small_pothole,minor_anomaly
0.2638920722459854,-0.8770075614479445,12.50119067458676,12.53469383634902,small_pothole,moderate_anomaly
-2.1353083718422377,1.6508336595876232,11.72520577888233,12.031842924989611,small_pothole,moderate_anomaly
0.9209822232508572,0.8478258159705194,13.83014303304692,13.886679703381454,small_pothole,moderate_anomaly
1.6979694388157194,-1.0861492715651062,13.97599151448732,14.120593446038136,small_pothole,severe_anomaly
-2.2392757433471626,1.0122585451059125,13.825570307773734,14.042272520930425,small_pothole,severe_anomaly
-2.276313679325015,2.176956830233359,13.252323766565748,13.621484141651573,small_pothole,moderate_anomaly
0.3570548948567649,1.91146997506171,11.701694215767526,11.86216056133244,small_pothole,minor_anomaly
1.639763539044643,1.6642732365990938,11.905156473549797,12.132245485883676,small_pothole,moderate_anomaly
-2.323185955275629,-0.3908291467722997,12.251491871031655,12.475936576895196,small_pothole,moderate_anomaly
-1.715468571640617,-2.345910806600551,13.70068404193334,14.005530091706593,small_pothole,severe_anomaly
1.2654892340396189,0.603658835645188,11.944895568636449,12.026903056770408,small_pothole,moderate_anomaly
1.4409161013048832,-0.5389995597273818,13.59351686164012,13.68029460224012,small_pothole,moderate_anomaly
2.38507563668281,2.183607856838698,12.753949901343312,13.157506114424596,small_pothole,moderate_anomaly
-1.4250205901727115,0.5312841133203632,11.795996683869609,11.893632088531474,small_pothole,minor_anomaly
0.8164910706420643,0.5964720840302844,13.78022396286553,13.817272128832052,small_pothole,moderate_anomaly
0.3372468799608419,-0.7292410842020653,12.70230587887514,12.727690389754043,small_pothole,moderate_anomaly
1.2949141675749685,2.1685637285770625,13.878872146476615,14.106826836837932,small_pothole,severe_anomaly
-2.2020100338792843,1.015633723928902,13.899922190953095,14.10986169191736,small_pothole,severe_anomaly
2.2308256890860108,1.083766089027502,11.67090213507134,11.93151661932484,small_pothole,minor_anomaly
-0.2260224386411935,2.145022602094021,13.666522305019445,13.835679962324132,small_pothole,moderate_anomaly
-1.666679479824909,-0.0518352789758096,12.562247217165876,12.672433173223196,small_pothole,moderate_anomaly
1.3145616836609788,2.071001080491663,11.211293918137702,11.4765077098575,small_pothole,minor_anomaly
-0.9784957720204546,-1.347050784549706,11.892589718718764,12.008567358756544,small_pothole,moderate_anomaly
-0.5532624863125368,-0.125267663449089,12.300218055859345,12.313291825826065,small_pothole,moderate_anomaly
1.649463461769778,-1.3355434046698127,13.079192931981032,13.250271455689244,small_pothole,moderate_anomaly
-1.0423329834191826,-0.1230733865565163,13.64009290598576,13.680414452447158,small_pothole,moderate_anomaly
0.3605965700750739,-1.291251078860386,11.190860148856514,11.27087885243528,small_pothole,minor_anomaly
-0.7265330087932353,0.3307813761496141,13.257539220989203,13.281551593384735,small_pothole,moderate_anomaly
2.462147907162564,0.5369049963602288,13.240864595354486,13.47853606755472,small_pothole,moderate_anomaly
-0.8261290940807364,-2.3873500279976527,13.794124401269857,14.023544396263574,small_pothole,severe_anomaly
1.642129103983848,1.0310394850945128,12.85838434022213,13.003756313267504,small_pothole,moderate_anomaly
0.5910941102476395,1.851298881406798,13.372734174115395,13.513205359463068,small_pothole,moderate_anomaly
0.1103888798564902,0.1546987891395574,13.3479264247504,13.349279278699177,small_pothole,moderate_anomaly
1.9310678408553013,1.2668966991093762,13.8564792952377,14.047635698278588,small_pothole,severe_anomaly
1.0357594657733689,1.8278618391053776,13.946402545616284,14.103759092460749,small_pothole,severe_anomaly
-1.7926720563244425,-1.089700275807034,12.442903410911695,12.618516754591182,small_pothole,moderate_anomaly
0.7086136932634899,1.715757484385171,11.638179498184334,11.785295038456288,small_pothole,minor_anomaly
-1.6804999790145354,-0.474454282322613,12.461969140164268,12.583714153455992,small_pothole,moderate_anomaly
-0.244067908702056,1.909751553966288,12.88273469752998,13.025804137514037,small_pothole,moderate_anomaly
-1.628122648088211,-2.327800470615147,13.444022785909535,13.7408583085726,small_pothole,moderate_anomaly
0.0078497814656857,0.2740283068093498,11.529315101761338,11.532573860492024,small_pothole,minor_anomaly
0.0157845708276327,0.1463743330508116,11.28558687540106,11.28654711239345,small_pothole,minor_anomaly
-1.57812624878859,0.2962478518316902,13.963503622731928,14.055521287696097,small_pothole,severe_anomaly
0.8608834069113591,-1.5878757018324243,13.868290720583426,13.985419442955063,small_pothole,moderate_anomaly
-0.902605772298208,-2.1534347349059986,12.078041427435387,12.30166911685285,small_pothole,moderate_anomaly
2.2779904958863124,2.4068036246651374,11.749064182059035,12.207475313970214,small_pothole,moderate_anomaly
-2.0742392707735675,-0.6523582086920694,11.018849212235189,11.231343541484396,small_pothole,minor_anomaly
-1.71924625452602,1.5120134331448467,12.3394917910773,12.550101591930494,small_pothole,moderate_anomaly
1.95153703396276,0.4322823624129395,12.023575165135387,12.18858993433785,small_pothole,moderate_anomaly
1.809924576578818,0.231100717100003,11.264029908002527,11.410854669249083,small_pothole,minor_anomaly
0.9228833878131492,-0.9228895750767512,13.778556771572116,13.840233582664805,small_pothole,moderate_anomaly
-0.5418983961462271,1.9585455960617957,11.00755911995106,11.193565674208404,small_pothole,minor_anomaly
-0.6905019359368643,2.0272854527171797,11.482879375793985,11.68089029095668,small_pothole,minor_anomaly
1.4719664093953773,-0.8321852699110199,13.603300741075136,13.707990680109924,small_pothole,moderate_anomaly
-2.0534041496263598,-1.6936135616817976,12.477173733943763,12.757925375429636,small_pothole,moderate_anomaly
0.0054818652593091,-0.8509351726383041,11.999438110915593,12.029573379657869,small_pothole,moderate_anomaly
-0.2218448387674048,-1.118490088709373,11.016319985282465,11.075176803517072,small_pothole,minor_anomaly
0.7951441899412011,-0.9870140005291757,13.307265192176208,13.36748883728512,small_pothole,moderate_anomaly
0.2952283925129721,-0.6452448159427904,13.256966727880585,13.275943186846638,small_pothole,moderate_anomaly
0.0632105975030943,2.0964160279065505,11.506994740050963,11.696575724940216,small_pothole,minor_anomaly
1.8837614071236783,0.6908474721736715,12.080998106380022,12.24648286305644,small_pothole,moderate_anomaly
-1.749860939493066,2.4186724151036163,12.865485210084294,13.207297197006072,small_pothole,moderate_anomaly
-1.214055470094182,0.9014989966652602,12.252382768812604,12.34534384450065,small_pothole,moderate_anomaly
-0.002746472654032,0.5746972415498837,13.975869824001416,13.987681073001,small_pothole,moderate_anomaly
0.0640273904861525,0.9468677780101648,12.875621771787085,12.910549721289328,small_pothole,moderate_anomaly
0.5963189144341734,0.9342442642217296,12.609640201241028,12.658255590629263,small_pothole,moderate_anomaly
1.9628136181300608,-1.7639650924013706,12.75373370510617,13.023898554867836,small_pothole,moderate_anomaly
-0.6535631184312629,2.01638760694162,13.040749492928176,13.211892789018076,small_pothole,moderate_anomaly
-0.9852359019920388,0.3220198818611774,13.75086396626565,13.789874778460865,small_pothole,moderate_anomaly
-1.0848827519480126,2.421404619786834,13.319544670031192,13.581253297658344,small_pothole,moderate_anomaly
1.7623597790761387,-0.6460891073446073,13.07634142626765,13.21037653596059,small_pothole,moderate_anomaly
1.2665833526218373,-0.56981105598501,12.130778125623683,12.21002440463456,small_pothole,moderate_anomaly
-1.0392637464664638,0.1559467885597114,11.13238016448249,11.181872681359986,small_pothole,minor_anomaly
-2.433688821892561,0.8345822805086716,11.683820934997357,11.963738567263425,small_pothole,minor_anomaly
2.4335777436443635,2.111388681733147,13.976054125587384,14.342606169070535,small_pothole,severe_anomaly
1.633945547728679,-0.0034874611270914,11.436009767693264,11.552147403063346,small_pothole,minor_anomaly
-1.974222062659396,2.2850271473396946,11.340946354414426,11.736096711874708,small_pothole,minor_anomaly
-1.751623800611883,0.5069608633595921,13.565976095941204,13.687983879720798,small_pothole,moderate_anomaly
1.8505369629937287,-2.2166859296731607,13.34600552617082,13.654817723675372,small_pothole,moderate_anomaly
0.276333760052641,-1.0585221927074433,11.6488529652118,11.70011132359529,small_pothole,minor_anomaly
-0.1051661779721047,1.4591575787998767,11.797850338659565,11.888207323989937,small_pothole,minor_anomaly
-0.4114290551494868,-0.2597602033741397,12.04108665709769,12.050913538583464,small_pothole,moderate_anomaly
-0.4274553694104832,1.7244484426878453,12.879733801098263,13.001691555773794,small_pothole,moderate_anomaly
0.8225924826593878,1.320628999929733,13.703602084476088,13.791643463983563,small_pothole,moderate_anomaly
1.349594218961948,-0.4499384263262489,11.47651613121972,11.564353490510694,small_pothole,minor_anomaly
-0.9325086979631654,-0.1829427536585113,13.387194982542812,13.420880374383517,small_pothole,moderate_anomaly
0.3858231309577697,0.2991946313056366,12.511714821990465,12.521237347107514,small_pothole,moderate_anomaly
0.0460124627574569,-1.8839939783622757,12.171217912488109,12.316253323576356,small_pothole,moderate_anomaly
1.254127288247135,-2.285335632322874,11.576812919938938,11.866684102593943,small_pothole,minor_anomaly
-1.4361577122152518,1.2832173075787927,13.09368937993427,13.234572044876575,small_pothole,moderate_anomaly
1.171526771377139,-1.9260196089362944,12.613928751849762,12.81379042542848,small_pothole,moderate_anomaly
-1.204434109186518,-0.9066104527069512,12.1986812054232,12.2914778276607,small_pothole,moderate_anomaly
0.6440608667760639,0.4786646948929962,11.170458600217293,11.199244600838837,small_pothole,minor_anomaly
0.5289060826053138,1.7112276450395427,12.864204399434154,12.988294596589096,small_pothole,moderate_anomaly
1.235087664731206,1.1662273040899085,12.20218187105188,12.319852680880691,small_pothole,moderate_anomaly
0.4734744960476531,-2.266471008581452,12.57724208750652,12.788592082746764,small_pothole,moderate_anomaly
-0.7247417171330162,-0.322478203767238,11.732523265937818,11.759308862948965,small_pothole,minor_anomaly
-0.3570356391056322,0.2730301269165029,11.789347466170472,11.797912254966798,small_pothole,minor_anomaly
-0.7131287085671656,1.4557027158619733,11.3292421714294,11.444621056673084,small_pothole,minor_anomaly
1.0489479611708423,2.476240043402841,11.330983634727716,11.645739422993438,small_pothole,minor_anomaly
-3.746456555165195,0.5980833798271608,19.04818134363907,19.422328721065487,severe_pothole,severe_anomaly
1.8449669940519664,-1.84483932917213,15.76711578786767,15.981529201788774,severe_pothole,severe_anomaly
1.8928090007225444,3.165419840454195,14.86999638468111,15.320554858097882,severe_pothole,severe_anomaly
1.6967558302049364,1.0114685715559926,15.923437564503825,16.04549509641979,severe_pothole,severe_anomaly
1.0339233676940935,-2.2611324073394554,14.052434907186488,14.270691788224491,severe_pothole,severe_anomaly
3.6505381700667625,1.3984778699138856,18.205093252890368,18.62008565045252,severe_pothole,severe_anomaly
1.4431603297325983,3.805974041406669,14.10174525293569,14.677444236646568,severe_pothole,severe_anomaly
-2.436494095063968,1.4585498473258438,19.50762243681296,19.713224096267567,severe_pothole,severe_anomaly
-0.1890650749341453,0.2031279955040847,16.221230258310406,16.223603720451337,severe_pothole,severe_anomaly
2.390998303258056,-3.748611005810643,18.394316517509903,18.924054467935918,severe_pothole,severe_anomaly
0.9695403409906024,-2.37293984841405,17.852147305057176,18.03524370221982,severe_pothole,severe_anomaly
1.0584033243508744,-2.360976229427431,14.847101067846516,15.070860508669288,severe_pothole,severe_anomaly
0.2485904753438923,-0.0094757452478013,19.539991348999266,19.54157488364604,severe_pothole,severe_anomaly
2.6476538441497777,3.3192492178827013,15.915440010872782,16.472058674875655,severe_pothole,severe_anomaly
3.684289061010416,-0.648433218430454,14.464280190219409,14.940209267109305,severe_pothole,severe_anomaly
-2.0112955483024955,-3.793128086499123,18.09851796769219,18.600792539300222,severe_pothole,severe_anomaly
-2.894654289382067,-1.421097084475936,16.649397920462693,16.958802772968717,severe_pothole,severe_anomaly
-1.7703678647548688,-0.3234080403601069,19.149470517133185,19.23385079030404,severe_pothole,severe_anomaly
0.1735915675100017,3.304129234501435,17.86291094171896,18.166755113183548,severe_pothole,severe_anomaly
0.871227971928108,0.4854921150758402,16.271549920599917,16.302088135924365,severe_pothole,severe_anomaly
2.700309484462076,-2.0887179895241035,19.461943658106723,19.759090695246023,severe_pothole,severe_anomaly
3.8312344938379903,-1.238494717612169,17.980775200369365,18.42608215868325,severe_pothole,severe_anomaly
3.7925105592092647,-0.594286038328872,19.49533703996266,19.86968742931822,severe_pothole,severe_anomaly
3.0284139392194485,3.154548814963155,19.257546204556192,19.747798738944567,severe_pothole,severe_anomaly
3.008855670804409,-2.819192329767983,14.580318922815168,15.15212056878365,severe_pothole,severe_anomaly
2.792745440951561,-2.8823201630173543,19.782510542340376,20.185512626086567,severe_pothole,severe_anomaly
-1.281937667629098,-1.0479709577910237,15.630887165616492,15.718340907878735,severe_pothole,severe_anomaly
0.1739241389759671,2.098132632342745,18.47380874787965,18.593386453313308,severe_pothole,severe_anomaly
0.4595495790204627,-3.343294083177046,17.08449735978243,17.414616021566406,severe_pothole,severe_anomaly
1.8895541399112965,2.577168270395517,18.193830660973887,18.47234920798605,severe_pothole,severe_anomaly
-0.2261724826137863,3.523975649763397,14.965828239873636,15.37678683202106,severe_pothole,severe_anomaly
3.9379769255305535,-2.696849230347297,15.4601917932873,16.18017887176974,severe_pothole,severe_anomaly
0.2845794787047291,-3.455668855401026,17.29885769050001,17.64293371619527,severe_pothole,severe_anomaly
-2.835552745082955,2.037605070258632,18.7968646452682,19.11842865627363,severe_pothole,severe_anomaly
3.289536372416812,1.6371039439537318,14.01087777198122,14.484676551796364,severe_pothole,severe_anomaly
-0.2268474769819395,-1.0297438519050228,16.89984494393225,16.932707737018962,severe_pothole,severe_anomaly
2.248846323218361,-2.7891437354910327,15.295354139569572,15.709375888861072,severe_pothole,severe_anomaly
1.1255766507871705,2.127870638627348,15.720904830933256,15.904137982135037,severe_pothole,severe_anomaly
-1.0111102767888127,-0.8722798413430324,19.99754076530919,20.04207705737218,severe_pothole,severe_anomaly
0.5354524581483222,2.488967883874598,17.428259962218263,17.61323127005821,severe_pothole,severe_anomaly
2.52179890109342,-3.146598421720776,17.152392670598726,17.620020591688892,severe_pothole,severe_anomaly
1.9229996744657896,-1.0245423515589105,14.217055491453834,14.383055364741214,severe_pothole,severe_anomaly
3.681459243962783,3.3437664545247525,19.243078985946724,19.875361760902575,severe_pothole,severe_anomaly
0.1673793230499978,3.22654998055099,18.055013255107102,18.341814093945874,severe_pothole,severe_anomaly
0.2914920742313489,0.9107798677273148,14.422747531072332,14.45441572467909,severe_pothole,severe_anomaly
3.051707322067627,-2.693471776596006,17.757823613813333,18.21834260546735,severe_pothole,severe_anomaly
-3.1487057684697577,3.797606541310129,16.893111134072235,17.598675156019887,severe_pothole,severe_anomaly
1.5575383546520287,0.6164664851809976,14.76935362257201,14.864042622454516,severe_pothole,severe_anomaly
-2.038301261978936,0.6476705758663153,14.654101271611609,14.80934952278718,severe_pothole,severe_anomaly
-2.698182171459731,1.3618759378151548,16.62220264826224,16.894748118284546,severe_pothole,severe_anomaly
-3.520011074296126,-0.8179369853055851,16.12831410331067,16.528218739179007,severe_pothole,severe_anomaly
-0.7076718788462459,-3.330213932588679,14.05800238970853,14.464389220218331,severe_pothole,severe_anomaly
3.051775052465598,2.184958524955401,17.203345066227165,17.608022495280647,severe_pothole,severe_anomaly
-3.454095428749964,-0.8389019343802584,17.319564286378206,17.68054973003967,severe_pothole,severe_anomaly
-3.861784842809122,0.5252550513812047,17.808076883871323,18.22956053620119,severe_pothole,severe_anomaly
-0.4733661317247533,2.9267649582608817,19.837867255898598,20.05819049361685,severe_pothole,severe_anomaly
-1.8347242860714597,1.6722467504238328,17.73454253493702,17.90744597433408,severe_pothole,severe_anomaly
-2.988933784459812,-0.8823486540740637,19.773087234474623,20.017173704031617,severe_pothole,severe_anomaly
0.8950577431158049,2.299725533226366,18.24876777621808,18.414868754406594,severe_pothole,severe_anomaly
2.9652325255500065,1.5093529429823702,14.931233864209222,15.297466945372932,severe_pothole,severe_anomaly
-0.4895134831313648,2.1413549949909223,17.124663133677117,17.264967770217822,severe_pothole,severe_anomaly
3.012902315226639,-2.482257806904589,14.12503329356148,14.65454706653389,severe_pothole,severe_anomaly
-2.4613432245547635,-0.7106352805470708,19.27692799343202,19.44641781498544,severe_pothole,severe_anomaly
3.5430552972538987,2.414729389699489,17.700896492441544,18.212794829487503,severe_pothole,severe_anomaly
2.492352420347726,2.2497895458025807,16.702623191464834,17.036754240866266,severe_pothole,severe_anomaly
-0.3635540141197033,3.2671288634563824,17.35048119082035,17.659147773452236,severe_pothole,severe_anomaly
2.0193148773533487,2.6677540378128413,16.236517768858118,16.57766730992671,severe_pothole,severe_anomaly
-3.345012195343223,-2.593837445725636,17.013467202738862,17.532118113351686,severe_pothole,severe_anomaly
0.5998506993250414,-1.5435040935933797,19.392680636110352,19.463254815230407,severe_pothole,severe_anomaly
1.324356987616544,-2.3258433394979363,17.209064879048928,17.415951960253306,severe_pothole,severe_anomaly
1.6809423023747048,-1.759999808961754,15.07156737956529,15.266804172066747,severe_pothole,severe_anomaly
-0.1008670740221857,-3.984206645939353,19.576190170016684,19.97777010421401,severe_pothole,severe_anomaly
-1.5663437325336511,0.5091075229321831,14.597854847391,14.690472739290948,severe_pothole,severe_anomaly
3.3088886299664786,1.01668308079869,18.31318929161168,18.63747006658105,severe_pothole,severe_anomaly
-3.489322155549273,-1.2652326742804505,15.289078582467727,15.73315310820267,severe_pothole,severe_anomaly
0.4481596827566561,-1.737444798481499,17.151988803773136,17.245587303822912,severe_pothole,severe_anomaly
-0.8228115792164052,-0.9241657172284324,17.50280906999183,17.546493282373582,severe_pothole,severe_anomaly
-1.7349945412436885,2.396320112428622,16.643486997914945,16.904384507847045,severe_pothole,severe_anomaly
-3.783646940799113,-3.124561669786724,17.064434973844943,17.755951418538555,severe_pothole,severe_anomaly
-3.351956896021596,3.7607385545775873,16.886436627752065,17.62187593565905,severe_pothole,severe_anomaly
0.8510415773760016,-2.070385799931445,18.069207986380786,18.2073349610004,severe_pothole,severe_anomaly
-3.331751712092885,-2.644348933427101,15.3680548304202,15.94585400734475,severe_pothole,severe_anomaly
-2.295687587156178,-2.517133449278365,15.786684970505314,16.150094880751546,severe_pothole,severe_anomaly
3.059035241937454,2.498652879194232,15.50257069997785,15.9978330135657,severe_pothole,severe_anomaly
-2.7814456570815933,-1.8704819152003136,18.973829815017965,19.267624669057007,severe_pothole,severe_anomaly
-3.8574553587222296,0.6778731751145557,16.06418265947102,16.534734300947328,severe_pothole,severe_anomaly
-0.6933312895581158,0.1586929023220671,19.482433246202547,19.495412201517208,severe_pothole,severe_anomaly
-0.956747152457826,2.6352944546738133,17.386876239874823,17.61146238554012,severe_pothole,severe_anomaly
-2.4063490555148688,3.1038467027671777,14.082282809318103,14.619680887518449,severe_pothole,severe_anomaly
1.8667962797160955,-0.5339795073662419,18.05081361229164,18.15494242706217,severe_pothole,severe_anomaly
2.9551957224327303,0.1632880980350819,17.936170234671593,18.17872513263688,severe_pothole,severe_anomaly
2.4027845581579346,-2.909194732291404,15.756812696813313,16.202281752449913,severe_pothole,severe_anomaly
0.3968387327984146,-3.0105234499357767,14.717359230986624,15.027354895535325,severe_pothole,severe_anomaly
-0.1952624180034128,-2.408284716132555,19.36360343381875,19.51376695125878,severe_pothole,severe_anomaly
-1.567367167826785,0.2163613849663539,19.01317982154833,19.07890088590584,severe_pothole,severe_anomaly
0.74967440198873,0.3474121558204164,18.164629808109368,18.183412302993744,severe_pothole,severe_anomaly
3.784940640712529,3.2461002479430734,14.343153435402876,15.185156994411445,severe_pothole,severe_anomaly
2.717530484130976,-1.0620775835957854,16.555629322100472,16.81076568680174,severe_pothole,severe_anomaly
-3.4617504168329942,0.4911755508855293,19.241523363636315,19.55661501189797,severe_pothole,severe_anomaly
2.9105184705662728,0.4803963136271392,18.3609157218104,18.59637396185284,severe_pothole,severe_anomaly
2.4552711146983945,-2.274009114228572,16.91127738117578,17.239222034689803,severe_pothole,severe_anomaly
-1.0326810083663285,0.0599795980173318,17.99514417388022,18.024850663901603,severe_pothole,severe_anomaly
-2.3668567659586026,3.2361641262506597,18.61622276366066,19.04307010932935,severe_pothole,severe_anomaly
1.7785034120992007,1.5482193722433726,19.741987045190847,19.882306458354407,severe_pothole,severe_anomaly
-2.3674543014394462,2.4896417508978708,15.963609009922878,16.32911413821671,severe_pothole,severe_anomaly
1.284346027054382,2.256450329503034,14.39097456713762,14.62331227180513,severe_pothole,severe_anomaly
-3.497274317427133,0.1557910631384675,15.352421309737712,15.7464928977337,severe_pothole,severe_anomaly
-1.8334244065319183,-2.6020631084023997,14.20971112425928,14.561870336926969,severe_pothole,severe_anomaly
-3.273339287659214,3.1155825640453703,14.695862409699282,15.37497891934585,severe_pothole,severe_anomaly
-0.2862501932293453,3.92852847358092,17.05360085763447,17.50258773302882,severe_pothole,severe_anomaly
-0.0268084117899167,-0.847519991301847,17.147825786913305,17.168778000921556,severe_pothole,severe_anomaly
1.2712492648442248,1.4301489269405565,15.971168524573889,16.08538543793514,severe_pothole,severe_anomaly
-3.69150178992857,-3.2367707153245124,17.829407306941548,18.493015845054824,severe_pothole,severe_anomaly
2.4874190951382387,-3.1473432110739417,14.73915192499592,15.275327247272395,severe_pothole,severe_anomaly
-0.5085723876137855,1.516128352677975,15.053561854911845,15.138263294542549,severe_pothole,severe_anomaly
3.2107778770216147,-3.470999333202599,18.807949524676317,19.393192008265075,severe_pothole,severe_anomaly
-0.0435363330130664,0.6778382213053424,18.535764988803955,18.548205945231608,severe_pothole,severe_anomaly
0.3904078005459634,-2.031888344653197,19.7128916824164,19.82117773944188,severe_pothole,severe_anomaly
-1.1514165618486194,2.1810699896217773,14.36741148901503,14.577562872209096,severe_pothole,severe_anomaly
-2.1302367495817984,1.1249090776562625,18.76672708709094,18.92071284607467,severe_pothole,severe_anomaly
3.4095729480224994,1.4877159781856326,19.968228967611648,20.311786101241825,severe_pothole,severe_anomaly
1.406412948345718,1.6354797033930497,17.553509223427536,17.685544303143192,severe_pothole,severe_anomaly
3.2668628421213777,-3.7412908782171375,19.59294398816389,20.212696613465305,severe_pothole,severe_anomaly
-2.050779672466149,3.702187247652896,18.29688907898876,18.7799903527798,severe_pothole,severe_anomaly
-0.9204801831138232,-0.6523491090409417,19.583996200051917,19.61646630489853,severe_pothole,severe_anomaly
-0.1203872135453609,2.323902435800001,14.780895395750816,14.962950387955916,severe_pothole,severe_anomaly
-0.7884606031061185,-2.346301418577487,17.878878240902228,18.049406849602462,severe_pothole,severe_anomaly
-2.805850024134073,3.1642678106078392,18.12946154132322,18.61619619883449,severe_pothole,severe_anomaly
3.2513576143091214,1.93132250887238,16.502161352323267,16.92993391208349,severe_pothole,severe_anomaly
1.3906384355766876,1.8179427967052144,16.117314760060868,16.2790241214107,severe_pothole,severe_anomaly
-0.867502534342095,-1.6243262902203242,14.883045842462383,14.996534602801663,severe_pothole,severe_anomaly
1.1681307122135225,3.659591855546547,14.519129063623692,15.018729995447726,severe_pothole,severe_anomaly
-2.603666116814659,-1.3105005366828983,14.424079864362277,14.71565726829747,severe_pothole,severe_anomaly
-0.8526104137066435,-0.326528043467075,16.74483657676434,16.769708317775724,severe_pothole,severe_anomaly
-2.659398537207246,-1.3108016327231562,18.52892964476729,18.764643222848285,severe_pothole,severe_anomaly
1.2234775110333391,0.3918545311376045,15.074281828929449,15.128926592840946,severe_pothole,severe_anomaly
-1.9490635269855248,-3.835408949193303,15.137281202531891,15.73678787568488,severe_pothole,severe_anomaly
-1.1817103086060277,-3.012815116007456,14.990813342542944,15.33616571531725,severe_pothole,severe_anomaly
2.3937493928552787,-3.3928096864526047,17.100253166290788,17.597154658509986,severe_pothole,severe_anomaly
3.1514791143565457,-1.210873575937068,14.063203600398134,14.46277051368026,severe_pothole,severe_anomaly
0.2486530006444018,-2.4841576416080797,18.85134302161504,19.01594071356143,severe_pothole,severe_anomaly
2.961405008432533,3.592753890284765,15.946065943932489,16.611887888749102,severe_pothole,severe_anomaly
-2.7208412523965784,2.4634789723427355,15.679556285134485,16.1034217192067,severe_pothole,severe_anomaly
-3.547143362674645,0.5593230379489702,16.268560954269404,16.660166380289432,severe_pothole,severe_anomaly
-1.99518118221419,-2.9362061688944934,19.85545778559191,20.17030635591681,severe_pothole,severe_anomaly
3.004364265319822,-1.9643555066573457,16.924633912304788,17.30110199556095,severe_pothole,severe_anomaly
-3.4729160724827377,-0.1171079748096026,18.76279492424736,19.0818587588745,severe_pothole,severe_anomaly
3.1615413381447395,0.3869084527913422,17.86959390805921,18.151237649884543,severe_pothole,severe_anomaly
2.835474875756198,-0.6488133601661668,14.774985454388242,15.058587972474673,severe_pothole,severe_anomaly
2.3390815013960875,-3.802026895483397,14.35348342541262,15.031606608335228,severe_pothole,severe_anomaly
-2.441241160008386,-3.0023116222590662,19.47642346911079,19.85710463855697,severe_pothole,severe_anomaly
0.0718066847978544,2.928513785153095,15.983788523622056,16.250010607925322,severe_pothole,severe_anomaly
-3.8513767085759874,0.9117814837820868,17.21158671237923,17.660780423958585,severe_pothole,severe_anomaly
-1.6758913898981411,-2.883197370819561,17.676304749177106,17.98814022114617,severe_pothole,severe_anomaly
-1.3139633394509485,0.9698132694733328,14.97195671273404,15.060761111014594,severe_pothole,severe_anomaly
2.071216982240615,-0.2428989095595168,14.47083675370336,14.620330229516677,severe_pothole,severe_anomaly
-1.7115280866413525,-2.025334389777182,17.975232855423823,18.169763454389944,severe_pothole,severe_anomaly
0.3372315571399191,-0.1025711357669658,19.95619708864249,19.95930981276073,severe_pothole,severe_anomaly
0.1020693970944215,-3.076354526722751,18.04307157376393,18.303737518656643,severe_pothole,severe_anomaly
1.069107972779027,2.3790890768586923,14.953062953822776,15.17883883549974,severe_pothole,severe_anomaly
-0.3790480934232878,1.200503315958929,16.057567619230834,16.106842133544575,severe_pothole,severe_anomaly
0.9770136019099622,-3.681260727553578,19.749047174560545,20.1129585199583,severe_pothole,severe_anomaly
0.1719098173940629,2.548444623916083,16.091131178481685,16.292594194590027,severe_pothole,severe_anomaly
-2.9309055577788907,-2.727255411291331,17.408487443108424,17.862910303864282,severe_pothole,severe_anomaly
-0.2869318722683083,-0.196309445326273,18.047279517206995,18.050627835891103,severe_pothole,severe_anomaly
2.488594044602864,-2.001195754883136,15.821161880667182,16.140230730149785,severe_pothole,severe_anomaly
-1.7540675875388,2.2748262632588085,15.25951546312316,15.52753682330076,severe_pothole,severe_anomaly
0.2870003520359416,3.8248488015096234,15.75608916076266,16.21623209005042,severe_pothole,severe_anomaly
3.9685571158079984,2.292135432199868,17.995989423655555,18.570378718736432,severe_pothole,severe_anomaly
0.2488653279696899,0.5740439155260688,19.876496610573533,19.886341490544687,severe_pothole,severe_anomaly
1.24934795175108,-1.278523204956369,17.386775839059943,17.478428589775316,severe_pothole,severe_anomaly
-0.102597127356657,-1.362809708508415,14.799906361988857,14.862873369432467,severe_pothole,severe_anomaly
-2.8563813610069517,1.9168909097753088,14.596030047428927,14.99591539002989,severe_pothole,severe_anomaly
-0.512218649481853,1.1481897054903625,15.375779381777392,15.4270962640985,severe_pothole,severe_anomaly
-2.5659029475954656,-2.7498544552573785,18.926892806759547,19.296964237416837,severe_pothole,severe_anomaly
3.2830126080105773,0.0740551800065034,16.76333169096713,17.081947937381884,severe_pothole,severe_anomaly
-2.1092337653365067,-0.3841170308601205,17.015240028279106,17.149775689208997,severe_pothole,severe_anomaly
-1.989920189187389,-3.520621152584762,14.602173720459309,15.151832662151309,severe_pothole,severe_anomaly
1.409485634592042,-1.85396818793826,19.77148093268176,19.908171841417456,severe_pothole,severe_anomaly
-3.493936260931731,1.1484715304903943,15.971431556631469,16.38942352311283,severe_pothole,severe_anomaly
-0.9432232113110466,-1.0721761599975643,17.60009133974583,17.657928726547155,severe_pothole,severe_anomaly
1.419080770734837,0.0103499581475379,17.331049955376546,17.38905373823603,severe_pothole,severe_anomaly
-1.0133014066065744,3.556649734278544,19.33351699369945,19.68403963668637,severe_pothole,severe_anomaly
-1.5063290170209287,-0.7218135802792345,14.003323758306188,14.102592606756296,severe_pothole,severe_anomaly
-0.7871503617239375,1.6876944143118449,14.408447168339038,14.528291982572444,severe_pothole,severe_anomaly
-2.4874473525097933,2.731694982696254,19.215762215891598,19.567704754203618,severe_pothole,severe_anomaly
-1.5121098489247533,0.6760184244026837,17.685652505529934,17.763045393504584,severe_pothole,severe_anomaly
1.962300732045348,2.113505433335364,14.999968417066142,15.27470398707306,severe_pothole,severe_anomaly
-3.646755605994708,1.8588339516918333,19.63307134481753,20.05521330079816,severe_pothole,severe_anomaly
-1.398377395263985,0.6741107123645413,18.41558342735816,18.48089818061066,severe_pothole,severe_anomaly
-0.4201590043033762,-0.8951142106982575,18.78290864222952,18.80891863189991,severe_pothole,severe_anomaly
-3.562869593123821,2.3036060855684672,15.850629804062471,16.408629007949077,severe_pothole,severe_anomaly
1.6269119624483146,3.954296712620288,15.10939918550049,15.70277837746556,severe_pothole,severe_anomaly
-2.271297400844348,1.931925383840144,15.781753598713763,16.060973638678416,severe_pothole,severe_anomaly
-1.287713746682754,1.985816899427281,14.699396711721274,14.888718519067009,severe_pothole,severe_anomaly
-3.088842585019385,-2.1838557014953457,17.94895993554374,18.343264077250197,severe_pothole,severe_anomaly
3.5292277230690283,-0.9355914856338172,17.076344195507357,17.46231115381659,severe_pothole,severe_anomaly
-0.038025549366436,0.971259576709409,15.213581494164815,15.24460078150125,severe_pothole,severe_anomaly
0.0155209299446292,-0.5881575498459819,14.991310667700215,15.002851920158696,severe_pothole,severe_anomaly
-0.178301239126795,-0.941316193309313,15.56594942020936,15.595404735375627,severe_pothole,severe_anomaly
-0.6022207853620545,-3.267457265141404,15.983334559967208,16.32500935710879,severe_pothole,severe_anomaly
-1.1412253429005448,0.3680513099773055,19.744149615402883,19.780528331808235,severe_pothole,severe_anomaly
1.0536284743621644,-1.6878515719567604,17.62487006859284,17.736826684210552,severe_pothole,severe_anomaly
-3.676883280648324,3.658229133340342,17.707352342659423,18.45135328474899,severe_pothole,severe_anomaly
3.1071127595451182,1.788084463498433,18.46345682692213,18.80825972142957,severe_pothole,severe_anomaly
-3.4228796641023616,2.5202617776104184,19.639003139585064,20.093737057581937,severe_pothole,severe_anomaly
-0.8404089801305927,-3.3969211499205247,15.757932668443845,16.141802951835064,severe_pothole,severe_anomaly
2.3771439557345824,3.483610539262484,19.43673385970245,19.889016539498623,severe_pothole,severe_anomaly
3.2404176847001143,3.918064895806064,14.436967817456631,15.306128807159032,severe_pothole,severe_anomaly
0.746699796827551,-2.442866353271832,16.792590253148884,16.98576592375748,severe_pothole,severe_anomaly
-3.997114388318698,2.4490772458847623,14.683371200504013,15.413510067515624,severe_pothole,severe_anomaly
-3.626877607882709,3.788847092029304,16.270476392097947,17.094970181171906,severe_pothole,severe_anomaly
-2.7012688574545,-3.77950766918923,16.108636198753118,16.76513321884121,severe_pothole,severe_anomaly
-0.3564139480086377,0.1542104941415427,19.050416433267,19.05437425001745,severe_pothole,severe_anomaly
-0.0451987271207512,-2.996034724645595,19.29821783781492,19.52945157222735,severe_pothole,severe_anomaly
-3.3889158403842625,0.4331068913627005,17.108417236764616,17.446210835014515,severe_pothole,severe_anomaly
0.2392803454775434,3.460411390252011,16.878279762225933,17.231019407031123,severe_pothole,severe_anomaly
-1.7973412350329712,-2.722315815170008,17.84294111499937,18.13868756404414,severe_pothole,severe_anomaly
-1.9655372933229092,3.7055351427481424,15.170598270545268,15.739802394943071,severe_pothole,severe_anomaly
2.3298403782446817,3.5890445454622784,19.09379046261016,19.56737670633124,severe_pothole,severe_anomaly
3.5261776174317347,2.659903956450425,17.341737901769516,17.895387425280475,severe_pothole,severe_anomaly
-0.6743585118544475,-1.5310162080474514,15.003577386220538,15.096559356890657,severe_pothole,severe_anomaly
2.475534655009147,0.1969536873825035,14.043115667903418,14.261001375963726,severe_pothole,severe_anomaly
-1.5064920642446102,1.507924033130199,15.422263850697984,15.568865581983468,severe_pothole,severe_anomaly
-0.6228683164944258,-2.156325534183165,19.330344125927237,19.460213482277947,severe_pothole,severe_anomaly
1.44110764675057,-1.1142500351865534,18.93411912668217,19.02154598064594,severe_pothole,severe_anomaly
-1.231749328837302,1.598438483019545,16.219404634842995,16.34445773654958,severe_pothole,severe_anomaly
-0.9994998559489696,-1.728880736975138,19.973550889559384,20.073135372994027,severe_pothole,severe_anomaly
-2.5324170858959105,-0.2880536631998982,15.466267173827209,15.674869425358075,severe_pothole,severe_anomaly
0.0305118314066978,0.9080155727917631,18.246434590587757,18.269039343131467,severe_pothole,severe_anomaly
1.1224365514727292,-2.174232471460248,19.80947892984281,19.960025203489103,severe_pothole,severe_anomaly
2.643648109315236,-1.5209603000081522,15.86683203491048,16.15730653246847,severe_pothole,severe_anomaly
-3.372499649680538,1.730904640287573,18.84683260774245,19.224278506751,severe_pothole,severe_anomaly
-1.4352248187454393,3.0939982727495483,15.310079034022609,15.685382227416031,severe_pothole,severe_anomaly
3.9689271431426336,-2.8414286724259883,16.90356107363999,17.594217133431542,severe_pothole,severe_anomaly
0.3533430054936852,-1.3504802950391976,18.486407004239144,18.539036982357054,severe_pothole,severe_anomaly
1.0898941476124202,1.134756604880142,15.115235462179456,15.19690379262981,severe_pothole,severe_anomaly
-0.9486871614378832,1.2223910324702365,16.982846997469927,17.053191469810393,severe_pothole,severe_anomaly
-0.7593730167428401,0.1426159764857875,18.143384665098807,18.15982912367428,severe_pothole,severe_anomaly
1.166157933622979,3.63965148125472,15.066585101104671,15.54377604830888,severe_pothole,severe_anomaly
-0.1574665952726226,0.3295116216358646,15.782958127448502,15.787182804104493,severe_pothole,severe_anomaly
0.6371820029624091,0.7349751153580479,18.588982870382157,18.614415743730877,severe_pothole,severe_anomaly
0.971860664405722,0.6441152101844336,18.225972241958736,18.26322703466341,severe_pothole,severe_anomaly
1.8830469044529288,1.4673814198178894,18.85891167427673,19.00940881284233,severe_pothole,severe_anomaly
-1.6208083421114905,-3.65443782788296,17.77388069740291,18.2179244307696,severe_pothole,severe_anomaly
-3.8485590711196096,-0.9089650494455136,17.20592550255986,17.65450358363696,severe_pothole,severe_anomaly
3.4448207836018554,-3.992834554952947,17.433866820533574,18.213984471566427,severe_pothole,severe_anomaly
-3.074565807283106,1.3744632988711905,15.90021344728084,16.252965634995622,severe_pothole,severe_anomaly
0.42010090607784,-0.6944192553340631,18.040548412095283,18.058795360782508,severe_pothole,severe_anomaly
3.3673436960410017,2.451282568360532,18.027041378500325,18.50194613167432,severe_pothole,severe_anomaly
